id,label,texts
1538,0,sure
2011,0,congratulations 🐤
2991,1,I'd drop everything for you in a heartbeat.
1726,0,i'm a little too old to be adopted
2054,0,"alright, how are you?"
2503,0,i've heard of her but i don't really know any of her songs
3123,1,Tell me how my hard cock feels in your tight little asshole.
3251,1,I think there’s some demand out here actually. I know the medical industry in general does good out here
335,0,That shitty portrait is calling my name
351,1,I couldn’t hold out any longer
2692,0,"idk, honestly i've just been seeing what the bloody hell this app is about"
2940,1,I wish I could just curl up in bed with you and take a nap.
397,0,Haha I’m a night owl
829,1,Lemme blow ur mind another day
2023,0,yeah themed djing is a lot simpler
2662,0,"lol no, i'm a dog person"
3354,1,Cause that's my fav
2536,0,yes
2096,1,"same, are you at uni?"
1755,0,"hey, i'm alright"
2971,1, I would love to cook healthy meals with you and work on becoming our best selves together    
2467,0,so no blood to be seen
950,0,In high school we used to drink green apple vodka out of water bottles
1042,0,Oh man migraines are the worst. I had them pretty bad for a couple years. How often do you get them?
3336,1,Yea you do you Enjoy my big hard dick fucking
2260,0,"i've done most of europe, spain was my favourite but always with mom"
327,1,😂
3294,1,Pff no it can wait… It’s cool
961,0,rip I do not miss finals one bit
3457,1,Then when you've cum all over my cock I'm going to turn you over and force my cock all the way down your throat and fuck your face. And just before I cum I'm going to pull out and cum all over your face.
1041,0,That's real smart. I've seen people really change after multiple concussions so I'm not letting my kids play football haha. How did it inspire your interest in neuroscience?
628,1,Hey baby
3297,1,"Me: I want to stick my dick right in between those (Sorry for blatant vulgarity, but this IS real life. lol)"
3118,1,Nice. Good. More.
3345,1,Then I want you to crawl up on me and ride me hard
1106,0,I dont even know what's 50 miles away is that the desert or something
3495,1,all the way down
2665,1,haha how demented do you think i am... little offended honestly
119,0,That obvious huh? 😂
887,1,Oof I’m only free at 6 am every leap year I hope that’s not a problem
1489,0,"haha yeah, i found some scenes really hilarious"
2358,0,ooh a band?
2734,1,you look like a hipster
857,0,Yeah! Working from home is def weird but I’ve gotten into a routine now
2541,0,i have heard of the tasmanian opium fields but bloody barbed wire...
2605,0,dr. if i can swing it
1276,0,"If everybody flossed, their teeth would be healthier. Therefore, there would be less of a need for dental surgery, and dentists would lose money"
142,1,As long as we kissed from 6 ft away with our N95s on I see no problem
2903,1,"How was your night, boogy"
3145,1,So how can we fix u being naughty?
2926,1,your authenticity is a breath of fresh air its so rare 
1627,0,"i'm thinking peter, right now"
35,0,So more times than not a middle piece but a corner can go above and beyond
800,0,I wanna learn how to skateboard I feel like it’d be so fun
2703,0,haha i know
3233,1,I was so drunk I don’t remember much. Send me a picture
391,0,And the tall shelves at Costco have the best items
1291,0,What's wild Anna
2420,0,"nah, it's a horn, doesn't hurt them at all to file them down"
396,1,As long as this giraffe is your top 😉
287,1,Oh hey there ;)
3037,1,Great I love feet. But tell me about your panties.
46,0,Ah the important parts
2687,0,haha yes dogs can be such cowards
783,0,Sorry I was so busy today!! Hope work went well
3361,1,Handcuff me
3445,1,I can do that
688,1,Be prepared to pay my medical bills
2005,0,and then you'll commit suicide?
443,0,Charmer
3350,1,Haha I know! I love the honesty
3520,1,Wish I could kiss you before bed.
85,0,Lmao Hailey how are you tho
1424,1,🙊
1138,0,What sort of things would you like to see change in terms of mental health resources/policy?
1149,1,Can you put me in contact with your father so I can ask permission to go on a date with you
2275,0,"it has a name, it is amazing, i've had the same at lord of the fries"
828,0,Damn :( fathers always gotta be ruinin this
143,1,If you kiss at night tho Covid doesn’t know 🤫
3516,1,Chat 28
2036,0,"haha, yeah it's only a little appendix and they're all good 😸"
1264,1,Do any of you want to go on a date with me
3529,1,Thrust your cock deep inside my mouth. Stretching my throat and making me squirm while I'm all tied up.
490,1,Hey we can practice first!!
3121,1,"No, no. Relax. Go slow. Breathe baby breathe"
1320,1,"You may be a fine arts major, but the only fine art I see is you"
1202,1,I have to admit - that's a bit advanced for me. I'd probably have to take you out to a restaurant
1105,0,"I'm in Berkeley, just moved here from the east coast"
3124,1,Baby?
815,1,Sweet I think to better coordinate this I need your snap tho
973,0,Nobody can guess what you put in the spaghetti but they know its good
3187,1,Everything.
3535,1,We can and we should
1409,0,shit
1050,0,"I have met up with only two I think. The first girl was pretty cool, but our first date was a few days before we got off for winter break so that didn't continue. Then I had a fling with another girl who was pretty cool (the tulaner). Another girl who I had seen around campus and was really into asked me out on tinder and then flaked in a pretty shitty way."
2913,1,your intelligence is a major turnon its so impressive
2521,0,didn't you hear about the snapchat leak?
1743,0,"you can do it without using labels, but it's human nature to categorise."
3105,1,Purple. Clear-ish. Sparkles.
402,0,Lol that’s chill what show u watching?
2912,1,our conversations flow so effortlessly it feels like weve known each other forever 
3418,1,Mmm I love that feeling when I thrust deep inside and my thighs press up against the back of yours.
2997,1,I'd rather be watching the sunset with you.
2550,0,is that an antique rocking horse?
1672,0,really? i don't either so i listen while studying even though it's not really a good idea
3392,1,Imagine how great it feels for me to inside you
2634,0,"i once burnt my ears on school camp, man that was a nightmare"
1135,0,Jokes on him I had no idea at the time
29,0,I’m chillin just stuck at home like everyone else lol. V boring
2394,0,"alright, wbu?"
2554,1,OH GOD I HAVE ONE OF THOSE
1292,0,The suspense is killing me
2647,0,i don't think so he looks straight
2159,0,did not know that
1290,0,"Theres a decent amount of peolle from the area though, like alpharetta and johns creeks and stuff"
2633,0,"i'm kind of pale, i burn pretty easily"
3338,1,"Oh I certainly do, I love when you toss me around and then stick it in me switching positions"
3078,1,Please don’t forget the right one!
385,1,"you’re pretty cute, I’d hold your hand in public"
691,1,The only thing that’s sweet is you 👀
3391,1,"Go to your index finger and finger and finger, feel yourself inside"
3423,1,Now you're talking
8,0,"Frank, SZA, Harry Styles, Rex Orange County, Giveon"
886,1,Oh damn I thought you were talking about yourself. Knew that couldn't be true tho because you're 11/10 cute
1114,0,I just moved here a couple of months ago for work. I graduated back in May. What are you studying?
3544,1,Make me cum?
437,1,So the marriage is in August?
608,0,Giveon has that sadboi vibes but i swear his music is so touching and so good
3291,1,"Me: Go into the bathroom, take a pic and send it."
2497,0,"palma violets, raglans, national, jack white etc etc"
1504,0,ts1989 was rather well done
1463,0,"doge person, vinyl enthusiast"
1983,0,everything's funny at school
1678,1,my mom bought me a new turntable so i can't really complain 😸
3130,1,Do it!
1682,1,🐶🐶🐶
3202,1,While your other fingers are inside my dripping hole...
753,0,True true quarantine has been so boring
2207,0,😢
3087,1,My clit is on fire! Please can I cum?
1661,0,the tiny ponytail
2337,0,lol lactose is a special little sugar
1164,0,I have a traumatic childhood experience of accidetanlly making a your mom joke to a friend who's mom had died
3155,1,Wow I'm hard now.
3158,1,"I'm sitting with you, on your bed ;)"
2593,0,answer what?
3498,1,and gently lick up and down
3088,1,Only if we can keep going.
3410,1,Did I?
3180,1,Mhmmmmm...
3114,1,Not yet. Mmm. Nice. Tell me something sweet.
662,1,I’ll stay in your bed if I have to
1214,0,Or is it physics 40 that's terrible
1964,0,"nah, you don't look like you'd be very good at it"
1325,0,If it makes you feel any better I havent started applying yet
277,0,How many monsters deep were you
1210,0,What other classes are u looking at?
3056,1,"Yeah, that’s what I’m talking about."
268,0,"What a strange, strange message"
2963,1, I wish we could do laundry together and have a little fun folding clothes and stealing kisses    
675,1,Your waist is fucking SNATCHED
1007,0,Went to college in Providence... so I guess I'm coming from a lot of places
1059,0,What classes are you in right now?
2804,0,a little slave-ish
3444,1,Go slow though
155,1,Cuz it’s mad wet
2607,1,pets? people?
2371,0,google it
1093,0,What sort of reality TV show do you hope to be on?
1810,0,blue and yellow
1337,0,Vdub haul is 7/10. Points were given for seven bananas and variety of food. Points were deducted because box could have had much more food stuffed into it.
3406,1,I feel like something's missing in my life...
341,1,Let’s exchange Spotify playlists and make guesses about each other’s personalities
1303,0,Well your going to have to make up for dating Bailey by dating someone with a normal name like Joseph
3032,1,I think I do but I’d like you to tell me.
1038,1,I bet all your pictures do well with dudes 😎
1391,0,isn't that lederhosen?
3035,1,What are you wearing?
937,0,Damn corona. It could've been worse though. Need to remember to be grateful.
2587,0,um what?
2362,0,norwat
3312,1,Me: I need socks!
3378,1,I want you to grab me and kiss me
429,1,Just added 👀
2380,1,"i don't think anyone cares, outside of myanmar 😜"
541,0,Hmmm maybeee
3148,1,Just a tank top and shorts ;)
552,0,Aw thank you! I like your hair
845,0,Yeah exactly! Measuring KPIs so that what marketing is doing is actually worth it 😂
2322,0,gelatin? idk
1134,0,"Finally, my suspicion has been confirmed"
1515,0,ahh yep
3449,1,I want your cock so bad my pussy is aching
2108,0,i'd like to get into medicine
3044,1,"Way ahead of you, baby. I’ve been squeezing my DD’s when you type."
3131,1,OMG your huge hard dick is filling up my ass
3389,1,With your other finger only insert your pinky
1043,0,You should try magnesium and vitamin B2 if you haven't already. There is some decent research suggesting that they help
105,1,Sadly lost the stilts but can still give you a piggy back ride. Practically the same
3222,1,I'll talk to u in a sec after I'm done.
1028,0,Are you big into partying?
692,0,I’m in the states 😆
38,0,Yeah that’s me hahahaha the young Kanye
3308,1,Babe send more
1909,0,"he's doing jazz sax at uni, not sure how good he is though"
3014,1,"Please, I will, keep sucking my cock"
3289,1,Me: I’m not letting you see my dick till I see that little coochie that you won’t be hiding from me much longer
3240,1,Me: Well come see me
3168,1,"Your chest, mmhm... Lickable, Your abs... I lick them tooo"
110,0,Sorry I haven’t checked Tinder in a minute haha but if I go off of yesterday I’d probably say the end of yesterday. I got some work done I was pushing off. Finally felt productive lol
2759,1,😜
710,0,So did u leave the stove on?
3194,1,oh yeah...
3218,1,Aaargh... Mhmmmm
319,0,Well we matched on Harry lol what’s ur fav song
3137,1,Hey ;)
847,0,"Exactly! I think if I were to do college again I’d try some more creative stuff tho, some of the work I see Some people do is so cool"
3540,1,Only if you want me to be.
2844,1,"nice, usually only law students make bad law jokes lol"
2894,1, are you available to hang out later
1593,0,i'm sticking around uni for a while 😸
3309,1,Looks like it’s laundry day huh? :p
1506,0,interesting choice
1699,0,are you studying politics or something
2052,1,nice crown
3270,1,Okay
276,0,I think the deposit was lost when Stian rode a penny board into the wall LOL
3055,1,<pussy moistening>
3513,1,and then i would slowly speed it up
503,0,That’s what I’m drinking tonight
3479,1,And cuddle me after all this rough lovings.
2770,0,"yep, but it's pretty good anyway"
651,0,Such a mood
2740,0,i've played a whole heap of instruments but i completely suck at them all except the uke
534,0,Bet but it’s only fair that I get to use your shoulders sometimes too
683,0,Autocorrect
567,1,"The best picnic ever ofc. Wine, grapes, and the best charcuterie plate u could ask for"
991,1,Is it a dealbreaker that I cant whistle
1536,0,obesity
111,1,I’m curious what was your favorite part of yesterday?
1719,0,so you're from brisbane?
3242,1,Me: Yeah I’m not actually going to San Diego LOL
3387,1,If you have to get lube or use your spit and get yourself wet down there
52,1,Natalie Natalie Natalie
3273,1,I could just tell you liked to dress up and ride ponies. Am I good or what
23,1,Hmm my guess is 4’11 with 6’11 energy
531,0,The David Dobrik one?
1399,0,he looks pretty cosy in his scarf
74,1,Gimme your number for ease?
1457,0,are you drunk or something?
509,1,It’s alright we can just practice then
2821,0,have you heard of symphonic metal? a friend of mine likes it...
2751,0,i heard jack white was on it
2370,0,i have to be really careful now because i talked about siberia and she thought that was a country
2246,0,haha yeah he's made so many cool records
2915,1, your eyes are like shining stars i could get lost in them forever 
1441,0,wbu?
3165,1,Your such a turn on;)
1925,0,hence the ai thing
3422,1,Or when you're bent over my bed
626,1,What’s your best pickup line
2744,1,"cool, what's your band's name"
1751,1,"haha he's killer
it's not actual croquet altho we did watch a few rounds, it's more of a festival with food trucks and some croquet lawns"
3036,1,"T-shirt and jeans, bare feet, red pedicure."
475,0,Who should we kill
1257,0,Hey we have a lot in common
1615,0,idk
716,1,❤️❤️❤️
2990,1,I wish I could take you with me to paradise.
2585,1,your last photo is very enlightening
3090,1,"Turn over, Ima eat your ass."
421,1,Let’s go halves on a baby
2949,1,I wish I could work alongside you and take breaks to steal kisses when no one is looking.
3051,1,Can you imagine my hands gliding across your skin?
2302,0,or a dipshit
3334,1,I want to fill you up and make you scream ;)
3220,1,Great.. ;)
2962,1," I would feel much better if I could spend some time with you, and see that beautiful smile of yours    "
1312,0,I usually watch the american one but I've been getting into the international recently. Show got killed a little bit for me when I learned it was fake though
1235,0,?*
574,1,Hey 😉
1526,0,nah volunteering
1511,0,nah i'm doing a science degree
281,0,It just gets so tiring 😞
2980,1,I could use a pick-me-up from a gorgeous someone like you.
831,1,Well hmu with ur snap and one day it’ll work out
2280,0,do you live in st kilda?
727,0,Even if we can’t do it all 2 4 lokos and Chuck E. Cheese sounds like a win to me
3138,1,Hey.
2555,0,"in storage i think, but it exists"
3366,1,I started eating you out very gently
2147,0,data projectors live to spite humans
2565,0,so not fair! which uni do you go to?
1790,0,"gambling is such a downward spiral, it's a mental illness"
1998,0,you like maths then
2454,0,"i went through all of that after year 12 as well, except with umat"
3241,1,San Diego? Hmm
468,0,Witch
3425,1,You can move the panties to the side
1760,0,"yep that was when she was younger, she's fatter and more demented now"
2741,1,well it took long enough lol
132,1,I see that UW dorm bed lol which dorm did u stay in?
978,0,I aspire to break into the industry some day
708,0,Haha no she hasn’t made one yet either
2549,1,cool pineapple 🍍
3219,1,How u feel baby girl;)
3179,1,Ah it's great. I want fuck your mouth for a bit ;) As you look into my eyes.
3263,1,Bought to start spin class… Ttyl :*
2191,0,fuck that's a lot of red wine
3132,1,Ramming my cunt with this candle like a sex freak
2470,0,"the ptero/pegasus line is odd, FYI"
3518,1,I would love to fuck you with your toys
2269,1,favourite thing from maccas?
3325,1,Maybe just a little 🙂
462,0,Marvins room hrs
1014,0,I suck at smash but what makes you think you stand a chance at jeopardy
929,0,"Okay! What's your field? Could it be toxicology. I hope not 🥲💩. 
I'm working full time. No concrete plans to go back to school for a while. Working at a Service Desk for an insurance company"
3298,1,Ok now your turn
1870,0,why are you advertising a tattoo parlour?
1479,0,*sturt
166,1,Let’s make a movie
2618,0,"there aren't many swedish restaurants, at least in my end of town"
1718,0,haha yep
480,0,Pretty boring
1103,1,"Ilana, I understand it can be I intimidating to talk to someone as attractive as myself but I am not sure how we can figure out if we are soilmates if we dont speak."
3192,1,mhmm?
1178,0,Sorry to disappoint
2576,1,is that an italian greyhound?
1780,0,"nah, i'm on uni holidays"
2157,0,cae?
3455,1,I'm going to hold your hands down and peel your pussy lips apart so I can lick your clit and stick my tongue inside you. Then when you are dripping wet I'm going to push my hard dick into your tight pussy as deep as I can.
1485,0,ha yeah they are
3195,1,I plunge my tongue in your wet hole. Ahhh it's so beautiful.
561,0,One day
2595,0,"biology, life sciences"
1852,0,weimaraner
2959,1," I wish I could share a sweet treat with you, like a box of chocolates or a chocolate cake    "
960,0,How has your week been?
2425,0,um i haven't quite decided...maybe pathology or anatomy
685,1,You have the most snatched waist I’ve ever seen
1712,1,i had some meatmother and mr claws and a tin of ice cream too 😸🍦
1641,0,ahh right
3453,1,"My cock gets so hard when i think about fucking you, kissing your neck and pulling your nipples hard."
1628,0,thanks
2474,0,"probably, i have no idea what i want/am looking for"
3543,1,He:So come sit on my face
3534,1,I want to go all night
2411,0,hercules had a pegasus
3265,1,Lol.. spin class
3285,1,Me: You want to see my dick don’t you. You want to taste it
1807,0,ruyton
2779,0,yeah mom's an expat
2112,0,i meant in the photo
2857,0,we make a lot of jokes about this guy's love for goats
981,0,You have any plans for thanksgiving?
3352,1,"Bending you over the kitchen island and fucking you from behind, that's the best position"
1863,1,"why thank you, what do you listen to?"
2123,0,"didn't know they were that old, will have a listen 🎧"
1278,0,I was kidding about the floss we can do something normal
3063,1,Good girl. Now take your middle finger and ease it between your pussy lips.
393,1,Wowwwww so I’m not your favorite 😞
2942,1,"I wish I could stay up all night talking to you, but I have to be responsible and get some rest for work."
2679,0,*r u
3262,1,Nope belligerent after xs lol
550,0,It’s alright your insta bio will look 🔥🔥
118,0,Hey how’s it going haha what’s the coolest thing you’ve done in quarantine so far
2808,1,is it a golden retriever? mine's name is honey
2564,0,we had to remember the periodic table up to 36 in 1st year chem
3355,1,Sounds perfect to me:) what're you doing tomorrow?
2880,0,right
3551,1,"I'll make you shake, that's such a turn on for me"
2384,0,"i don't judge spelling haha, grammar's another story"
875,1,Let’s get married for tax purposes
2599,0,haha i'm 3rd this year
2271,0,chicken nuggets + the little cheeseburger
1387,1,😺
2032,0,okay well not exactly
141,1,Are we about to kiss right now 😳
3175,1,Yeah;)
3052,1,Your hands are rough (giggles) and strong and manly.
2693,0,"i read about it in rolling stone, you ser"
2482,0,they exist in melbourne?
2977,1,Can I have a sprinkle of your magic seasoning?
2625,0,"it's a fine name, but it could be something else, like a distant relative's name"
786,0,Phew thought it might be a deal breaker
3082,1,"How’s my pussy, baby?"
1687,0,wow that's good
3451,1,Tell me how baby
2552,1,"yep, she saw one in the dentist's office and thought it was cool"
3221,1,U close to cumming?
2115,1,well alcohol is expensive... haha EDM? i'm more indie rock/pop but that's not really for dancing
1901,0,epiphone?
3299,1,I already showed you my chest. 😉
1642,0,it says on your bio
3332,1,Mhmmm ;) and then I'm going to turn you over and put my hard cock deep inside you ;)
1381,0,How much did u make on the textbooks?
1658,0,not just then! see the thing about the clump of dog hair
972,0,The secret is a full stick of butter
2801,1,"nice, couldn't find slave labour at home?"
2049,0,"they drive on the other side, right?"
2947,1,I would rather spend my time getting to know you and exploring our shared interests.
51,1,U tryna link?
3528,1,Could you please....
1048,1,Currently looking more for friends with sexual tension hahaha
3266,1,How was spin class boo. I can’t imagine that you’re even more sexy now
769,0,Yeah! Next winter I’ll be all done sadly
1523,0,vce summer school mostly for disadvantaged students
993,1,Melanie you are absolutely killing it with the hats
1886,0,vomit
32,0,Brownies are my love language
2996,1,I'm hoping you can teach me how to spice things up in the kitchen.
2039,0,and why is it so stressful?
266,1,Ah then no I have not tasted tiddy milk 😂
2948,1,I wish I could take you to the movies with me and introduce you to my family.
370,1,You can borrow my stilts anytime 🤝
1430,0,"3 years, i finish at the end of this year 🎉"
2413,0,"why, are you planning on acquiring an exotic pet?"
1720,1,"or as we sometimes call it, brisvegas :P"
1012,0,No worries I usually have them off too so I spend less time on this app hahaha
2072,0,why are you called postman?
1367,0,oatmeal is like 80 cents a pound
3393,1,Man I'm gonna have some fun with you
1068,0,How is your life going right now 1-10 hit me with it
3102,1,Lube up.
3473,1,I want to lay you down on the bed and take your panties off with my teeth inch by inch
1470,0,what do you do that requires so much time spent out of phone reception?
1395,0,like it? i don't have an opinion on lederhosen either way i was just asking if that is what the costume is
1277,0,Point is we should go on a date so I can teach you how to floss
3427,1,That's my girl
2700,1,what r u on this godforsaken app for? :)
12,1,"🙈 haha long time, whatchu been up to"
2226,0,a dart? isn't that like a cigarette
1482,0,how does the beer can tower work?
3054,1,<heart pounding>
2767,1,have you seen the kangaroo at unistore?
283,0,I’ll keep you updated on the great memories we make LMao
1100,1,Soilmates?
3373,1,Til you scream and slap the mattress with pleasure
1330,0,Well it looks like I'm going to have to cook you some spaghetti
1844,0,she doesn't really like it
1477,0,is that charles sturr
71,1,Meet outside alder in 10?
3333,1,And I'll kiss your neck and and slowly go in and out of you ;)
1977,0,i changed it but tinder's slow to update
917,0,God that sounds gross 🤮
3365,1,Until I kiss your body everywhere and spend some time caressing your breasts and neck
493,0,A bit wbu
2885,1,surely you must have a favourite *air guitar*
2439,0,you didn't like monash?
2258,0,"new york, the empire state"
779,0,"I’ve been watching some movies! I just watched Love, Simon and 13th this past weekend"
2785,0,then australia 🌍
1659,0,just then
1251,1,"Its settled, I would like to ask for your hand in marriage"
2505,1,dear god i hate selfies but my hair was cooperating today and i felt obliged to document it
2484,0,well i suppose if it's a place dedicated to smoking it's not so bad
3494,1,then i want to kiss all the way down the inside of your thighs
2889,1,do you feel like hanging out later
2314,0,i know cats need it
798,0,I must come clean the stilts are more of a wish than a reality 😞 a man can dream
3008,1,Please fuck me really hard
3257,1,Lol funny huh?
344,1,Let’s swap playlists and make guesses about each other’s personalities
2272,0,but those popping candy frozen thingos 😻
358,0,Those are soooo good Falling is a favorite of mine but also Meet me in the hallway and sign of the times
2331,0,they make lactose free milk
817,0,No crazy pick up line sorry :(
1117,0,Do you get a cut of the profits?
293,0,I hate these gifs
1527,0,it's good fun we've been bribing the small children with candy
3546,1,Repeatedly
583,1,Then you share something in common 🤪
3213,1,I lean forward as I fuck you and slowly kiss u again. You have me. I have no control..
3471,1,I'm going to rub my pussy thinking about you
2906,1,your smile is so contagious it makes my day brighter 
1296,0,Is the dodgeball you are referring to the movie or the game
1193,0,Are bars considered essential businesses
75,0,Okay cool
693,1,Nothing can separate us
3357,1,I wanna hold you up against the shower wall and kiss you all over your body
1374,0,What are u studying?
2943,1,I can't wait to work up a sweat at the gym and then come home to you for some post-workout fun.
1171,1,Why are the good ones always 5000 miles away?
3315,1,"I’m probably going to hurt you with my cock a little bit when I see you. Just a little, don’t worry we can still be friends afterwards. But yeah, I’m going to be a bit rude with your lil body"
2508,0,i'm going to assume it's the thing about smoking alcohol
3351,1,Good I would hope so
1125,0,People told me to watch the office and then all of the sudden two weeks have gone by and I've done nothing else
2181,0,but doges are the best
752,0,Going good! Wbu?
3438,1,That's what I want
2520,0,learn something knew everyday
2796,1,do you miss heart attack inducing american food?
3306,1,Oh yum I wanna ride that shit until your toes curl 😉
1065,0,Yeah that's absurd. I guess they can get away with it cause the area is so expensive.
943,0,"Slept pretty okay myself. Jogged on the treadmill yesterday so that's probably why. 
How did you sleep? 👴😁"
360,1,Whattt I’m super jealous I became a fan too late 😞
3232,1,What’s up pumpkin. I’m headed out to watch the game come meet up. I was sexy boy outside of xs the other night I should have just stolen you that night!
465,0,Who do u wanna choose?
3045,1,Should I pull on my nipples?
2998,1,"The mere thought of you is giving me a headache, but in the best way possible."
3223,1,Ok babe cum. My cock is pumping like crazy into u.. You are just in heaven waiting for your Pussy to release.. It's building up..Cum on baby cum for me.. Finger your Pussy hole.. Give me your cum all over my face ;)
2212,0,"uni, wbu?"
659,0,I hope you have a lot of airline miles
2986,1,I think you have a magical power to heal me with your smile.
175,0,I see u I respect that
3417,1,You're pulling my hair back so that my back arches just a bit so you can hit closer to my gspot when you're inside of me
1646,0,you had a moment thingo?
1814,0,croquet
202,1,You guessed the next line 😤 the Y is silent
2954,1,"I may not have everything figured out yet, but I do know that I want you in my life."
3260,1,Oops that was for Julie sorry
246,1,I have to do it in September lol
2002,0,if you're 3rd year i should probably congratulate you for not dropping out
1073,0,Thankfully I have a beautifully shaped head so I look forward to those days
1944,0,how are you?
3269,1,Hm I’ll see if I can find a picture
2029,0,"hahaha, i do science"
3288,1,Me: You already have some in your phone I’m sure
2964,1, I wish I could introduce you to my mom and show her how amazing you are    
1067,1,"Hey Sammy, you have a great smile!"
3043,1,Grab your titties.
1651,0,we have dark floors so there's always clumps of fur everywhere
2830,0,are you into strange violent video games
2466,0,specimen's i've seen are mostly 20 year old varieties
1806,0,near swinburne? i think i know the one
1321,1,Before we go on a date I have to know what the cardboard box looks like
1372,0,I know what u mean
3526,1,I was using my wand thinking about you fingering me with my plug in holding my wand to my Clit slowly pressing and easing off massaging me with the wand my hands tied above me so I was helpless to you as you made me squirt and cum and splash till you were satisfied
147,1,Feeling strong 7 vibes today but 3 is my normal
2724,0,and a friend of mine had the weirdest legends about kangaroos
3144,1,"Ah, so I have been told ;)"
2086,0,just honest
2826,0,i'm trying to get into med school
2993,1,The rhythm of your heart is music to my ears.
2016,0,"hi, not bad, how about yours?"
533,1,I’ll put you on my shoulders and be your stilts 👀
3311,1,It’s laundry day for me tho lol
1531,1,🍫🍫🍫
2221,1,hey that's a cool doge 🐶
1975,0,"nup, it's wordplay"
990,1,Halle how is your life going rn -10 to 10 hit me w it
758,1,"Save a horse, ride a cowboy (me)"
3268,1,Cartoon Network? How so? Lol!
1729,0,wax?
858,1,Ah my ideal first date would go something likeee
1583,0,oh wow nice
1466,0,path major
3116,1,And feather-lick my asshole. I love that.
3413,1,Ugh such a tease
1366,0,Like a 3.50 bag of chips at easy side is 1.19 at Aldi
559,0,It’s going well how are you Shelby* (noticed it wasn’t Erin lol)
445,1,Perfect imma have the best wedding dance
717,1,You caught my attention
1865,0,where are you studying that?
2893,1,do you feel like getting dinner tonight
1037,0,Also I just saw your 5th photo for the first time and it made me laugh really hard
3025,1, I'm cumming!
1785,0,well it was only wednesday night
3316,1,Me: Don’t worry you’ll like it
2931,1, your passion for life is so infectious its so inspiring 
3057,1,"Now, I need you to take your right hand and start playing with yourself."
1357,0,I feel that I was making some cool shit at the beginning of the year
1147,1,God is always watching
2953,1,"I wish you were here to help me clean up, or distract me with a sweet kiss."
3346,1,I want to make you scream while I suck on your breasts
1585,0,"yeah, at melbourne"
3323,1,"I would not be able to keep my hands off your legs (More sensual here. Sex is not just about penetration, it’s the entire experience that makes it so amazing)"
2053,1,greetings 😸
3033,1,You tell me!
2333,1,🍦🍦🍦
602,0,Okay Frank is my #1 haha everything is the best
3435,1,Ok
353,0,See I figure when you give me a piggy back ride we’ll be roughly 7’ tall
1190,0,As a beverage isnt coffee inherently inedible
3402,1,Maybe a little longer
3466,1,What does your neck taste like?
1746,0,"haha, it's been good, heading to royal croquet later"
2850,0,well he took a bad selfie that didn't get his ears in the shot...
237,1,😴 Was the last time with Shaosong
3107,1,Shut up I’m tickling my ass with the fat head. heheh
2261,0,"no, my mom is not a fan of the soviets, i'd love to go but $$$"
326,0,Good conversation
2529,0,"""violent masturbator"" is probably not going to convince anyone to swipe right"
3253,1,Well*
3431,1,Haha just wait until I have you bent over and I reach around to rub your clit
3521,1,Wrist bond to the couch as I'm bent over the arm. Ass up for you.
1334,0,No one has attempted to steal my spaghetti for fear of instant and fatal retribution
3505,1,and slowly close in on your sexy clit
2544,0,i don't think they allow that...are you going thru the black market? i hear hearts in demand
3467,1,"Hmm I'm not sure, I guess you'll have to tell me"
1507,0,welcome to NY
1089,0,Not too bad. Whats your secret to staying above 0 in these trying times
434,0,Add me bb
2311,0,all that sugar and taurine
3069,1,"Lick your finger, how is it?"
2887,1,are you interested in going out sometime
1115,0,"Are you named after the water bottle brand, or is it named after you???"
2752,1,lazaretto is a masterpiece
2434,0,i'm 3rd year this year and sitting the gamsat again
113,1,Aw thank you ❤️❤️ I love your wings
1221,0,Yeah school doesnt matter so much for me I gotta get a job though and I'm pretty bad at it
885,1,Perfect I can reach the high shelves and you can get the low ones
2151,0,is that the lane off degraves?
407,1,If you ride my shoulders we can beat 7’ 😂
2794,0,haha yep it's pretty good normally
2987,1,I'd much rather spend my time getting dirty with you.
2061,0,"yeah it was alright, had some strange conversations with these guys outside the window..."
3189,1,I want to kiss you first and feel your tounge on mine.
3099,1,OMG I can’t believe I’m doing this. It’s HUGE!
209,1,Wanna come over tonight?
3094,1,I am serious about the fucking.
1899,0,dude you have a picture of your face plastered on a cat's
2970,1, I wish I could dance with you at the concert and feel the music together    
1801,0,hiking? as in going off into the bush and wandering about
3447,1,"I will figure out what makes you tick, don't worry."
1846,0,what kind of dog?
261,0,Peach is 🔥 also u reminded me I was going to plan Soju pong
3324,1,You like em?
3181,1,It's a beautiful sight..
3040,1,How will you know?
642,1,Brienna you made my heart skip a beat so u better pay my medical bills
680,1,Like damn u gifted
1815,0,if you're in pain
1702,0,📰<💻
2935,1,your empathy is a rare gift its so comforting 
128,0,I’m marketing and information systems haha trying to balance a more social major with a more technical one. We’ll see what comes of it haha
2298,0,trollzz
1124,0,I have been told I would line parks and rec but am scared that the same thing is going to happen to me
3109,1,You are funny. Keep going.
3460,1,"Then come over and fuck me right now ""daddy"""
2917,1, your charisma is intoxicating im under your spell 
483,0,We were right everytime 😤
773,0,Wbu?
1761,0,"awwww, puppy raiser!"
3184,1,"I push your tender meat out of my mouth, and lay down..."
2988,1,I'd love to hold hands and stroll through the park with you.
2231,1,🎸🎤
115,0,Need to see if ur on aux 👀
1317,1,What do I have to put on my application for trivia partner
2483,0,oh wow
2941,1,I would love to have dinner with you tonight and explore some new and exciting flavors together.
1664,1,highly philosophical question - miley or taylor swift
3541,1,Or I could just be wearing a pearl thong and princess plug.
3142,1,Oh You have no idea ;)
1505,0,best song on 1989?
1139,0,Fuck yeah US of A baby. More prisoners than China
1685,0,i am! i've made it a NY resolution to go on it more often
3481,1,Mmmm.... I feel all flush and tingly
649,0,Also fuck yes Bernie and ACAB ofc
3193,1,"Your starting to buck up off the bed, Your Pussy is on fire so I gave to go down on you baby.."
422,1,I didn’t hear a noooo
3318,1,Oh really? Tell me more…
889,0,Fuck you know what I mightttt be able to squeeze in 2032
1671,1,are you into any other music? 🎵
1803,0,ah nice
3166,1,I know ;) Then I start feeling you up..
2667,1,i'm just playing haha
1302,0,Sounds like a golden retriever
1355,0,My dad made my mom canned soup on their first date
2733,1,omg yes they lay eggs
173,1,I have a feeling there are other things we have in common too
3538,1,No
3281,1,Send me a pic tho.. Show me whacha workin with
108,0,Anaaaaa what’s good
3108,1,All slippery with lube. Been so long. Pucker! Whoo!
1315,0,What do boston people do this time of year I didnt grow up here
3485,1,Are you at work
3342,1,Well babe I'm here and ready and willing for you to have your way with me
3002,1,I'm hoping you can teach me some moves and sweep me off my feet.
2914,1, your imagination knows no bounds its absolutely captivating 
1336,0,Chivalry is not dead no matter what anyone says
3395,1,Do you like eye contact when I'm sucking you off?
3456,1,I'm going to tease you by fucking you with just the tip so you are begging me to go deeper and when you think you cant take it anymore ill grab your hair and pound you from behind and spank your ass because your such a dirty girl.
1777,0,the theme song for VCESS is blank space
1741,0,it's a prove-yourself thing
3029,1,Hey baby you are hot!!!!!!
3430,1,You're very tall lol
2603,0,"i'm not moving anywhere when i graduate, i'm going to enslave myself in another 4 years of uni"
3302,1,K
1701,0,how do you feel about the decline of print media
2540,1,where can i get some opium
3093,1,"I’m glad you wanna eat my ass too, it’s been awhile."
2495,0,which bands did u like?
3152,1,"Yup I guess... So there goes the top, off of me.. ;)"
851,0,DAMN that’s a good way to keep busy!
2197,0,"that's an excellent story, poor Jake. and bloody possums"
3341,1,Miss seeing you look back while pounding you balls deep bent over the bed
73,0,See you soon
3163,1,Oh.
1561,0,haha
1053,0,Hahaha this is over the course of like a year
2910,1, im blown away by your incredible skills its so attractive 
62,1,No winter relationship but we can be 10/10 buddies
263,1,Have I ever had... tiddy milk?
2040,1,"nice, i like to overthink things too"
479,0,I started as insomniac and ended as insomniac
1379,0,I grabbed a couple like regular books but didnt see anything valuable
2648,0,thanks i'll speak to henry later
810,0,No snap
507,1,Like let’s practice making a baby
1845,0,terrified of skateboarders in the park too
3012,1,"Please I will, I just need you to fuck me"
706,0,Did u find ur ex
711,0,I was gonna say that’s quite the fire hazard
678,0,None I’m a clean slate. One day tho
3198,1,Like how you're gonna tear my pussy just with your tongue..
2985,1,I want to find something that excites me as much as you do.
184,0,How would u best describe your personality
1508,0,i don't really like swift but i listened to it a bit during swotvac
3470,1,That sounds sexy
1565,0,some friends of mine went up there for choir and went ballistic with the candy
3307,1,Yeah I may have to have you ride my face too.
1836,0,yeah was pretty funny
3278,1,But nice pic. Color run? I almost went (I figured I’d try to be normal too LOL)
3344,1,I want you on your hands and knees while you suck me looking up at me
2721,0,disembowlment
2871,0,"raw deal, in french class"
2664,0,you're being pretty bloody obvious
3502,1,so hot
1703,1,i still like newspapers as weird as that sounds
2500,0,👍 good choices
3003,1,I'd rather get my heart rate up with you.
3356,1,And have the hot water drip down my back as you grip every part of me tighter and closer
985,0,"I stay away from gluten, all animal products except ground beef"
323,0,I was talking to my roommates lmao my b
3243,1,Oh do u live in L.V?
635,1,Bet we’ll have to practice a few times first tho
797,1,"The stilts are an incredible party trick, really ups my game"
2426,0,i want to go to med school 💉💊
3205,1,My cock is going to explode if I don't get inside you.!!Please baby girl.. I want you!!
2325,0,lol probably it's overdiagnosed
19,1,Food ✅ call her pretty ✅ seems reasonable
872,0,"It’s been okay, I work from home most of the day and then hangout with my roommates. Kind of stuck in a routine but happy I get to see some of my friends haha. U?"
260,0,"Grape, watermelon, peach, fruit punch, and green apple are all 14 as well"
537,0,Perfect I’ll add you I don’t check too often either haha
1070,0,What sort of art do you do?
2737,1,"binging on tv series, messing around on my uke and such"
3496,1,I can feel your kisses
1683,1,"nice, you must exercise a lot then?"
3300,1,What? Lol
2203,1,"hi, i'm alright, how are you?"
2315,0,does it come from cat pee?
167,1,You can be the port to my land 😝😢
2286,0,red bull?
3254,1,Ok gorgeous. What part of cali are you in?
3419,1,Just remember you don't get to cum until I say you can
2160,1,i think i know someone who went to cae
3267,1,Hey punkin. Think I saw you on cartoon network?
3215,1,Well I'm close so I speed up... Faster and faster...
2006,0,well do it with pills or something
3208,1,I want to squeeze your dick inside my kitty..
3310,1,No lol that was yesterday at some Girls house
895,0,My most recently used is some dry emojis way too many faces lol. I try to limit em
1722,0,what are you doing down here in melbourne?
1973,1,cool doge
3258,1,She sounds like she makes beer
2342,0,i thought bands were supposed to be not about one person? *cough*
2292,0,next time you go to the supermarket
3041,1,Tell me where your hands are.
267,0,No promises it’s my legacy
350,1,Oh I thought we’re having a competition to see who wouldn’t send the first message
2022,0,haha as long as the dj is not an idiot it should be okay
3549,1,"Oh yes, I won't stop"
739,0,My rhymes: the sickest      My ass: the thiccest
906,0,I haven’t done hard alc since being in quarantine tho :(
2176,0,a scaredy cat?
914,0,I’ll pay for the lokos and you got the skee ball
2929,1,your unwavering support means everything to me its so heartwarming 
2535,0,and we were in year 9
1107,0,Okay maybe we cant date but you CAN educate me
2188,0,um i'm going to a bar to watch my best friend get really really drunk
1864,0,favourite band?
625,1,Y u so cute
1694,0,why do you have a photo of geoff shaw?
648,0,Highkey that last meme is SO me could u tell me where to get it
644,0,The most cultured
37,1,U absolutely right Lindsey
3197,1,Your Pussy is so great..
3115,1,I wish I was there to finger your clit and drip warmed lube on your dildo.
1241,0,Youd have to ask him
865,0,Hmm I suppose I can trust a lawyer
3440,1,Good girl
2789,1,apparently everyone in the tinderverse likes sport...
2017,0,how was falls? i went to a george ezra sideshow the other day which was wicked 🎸
1640,0,what's exercise sport science?
45,1,You tryna link
1666,0,but miley's actually cool now
1875,0,it's wordplay
922,0,Trueeee it’s the same at UW ppl ask me if I know somebody but there’s like 40k students there’s no chance 😂😂
2489,0,you need like a spray can type thing
410,1,Well we’ll get the top shelf alcohol then 😂
3525,1,I'm craving you right now.
2400,0,lung cancer
3472,1,Tease
2359,0,"oslo, nice"
1369,0,Frozen pizza for 2 or less dollars
780,0,Yeah I really liked em!! Especially 13th def recommended time so many
309,1,But I suppose I can start a real conversation while we’re at it...
1949,1,"fair enough, i'm on holidays right now"
3101,1,Good girl.
3170,1,"You can, wherever you want too ;)"
2707,0,is the best
1809,0,is that near bulleen?
2524,0,then why did you just ask me about skype and snapchat?
2616,0,swedish meatballs
2572,1,what's with the bear
3314,1,Yup lol
3146,1,Any way you want ;)
2140,1,"haha i've heard about that one, it's like impossible to get
i have a splatter vinyl, a white vampire weekend record, a little red EP from life in film and a clear green fratellis one"
2902,1,Do you want to take a bite at this new place in town
3488,1,"I want your hands to be all over my body, slowly moving over my nipples and feeling them get harder under your finger tips. I can feel you tracing every curve of my body, eventually going down between my legs, feeling how wet I am, teasing my clit until I can't take it anymore and I beg you to eat me out"
1217,0,My semesters always start out exciting
1185,1,I already see a lot of compatibility here
3368,1,We make out intensely
299,1,Also you have the best smile
722,1,Debbie be honest with me let’s have a deep conversation
1513,0,what do you have to write essays for!
1767,0,i don't eat lipbalm lol
2338,0,does your band's facebook page feature the rock?
106,0,I keep waiting to hit that magic number but it hasn’t come yet
1460,0,life story?
3048,1,I like to graze my fingernails across my breasts.
3237,1,Oh that’s right I remember u now!!! Dang u never came back (I sent her a picture of me and Jlaix w/ beers on our heads lol)
3103,1,"I have a thick rubber dildo, about 9″ but very wide head especially."
2083,1,i didn't know boys were so into instagram until i downloaded tinder
2639,1,"what on earth? my dog's not really the wrestling type, she's a golden retriever"
1490,0,video quality was shit
1740,0,"haha, that's a good motivation"
387,0,I’m good! It’s a friends birthday tonight
2073,0,hahahahaha
2180,1,🐩🐾
2241,0,i collect coloured vinyl
1684,0,"i go on the elliptical, and do stretches and such but i get pretty slack with it sometimes 😕"
2711,0,it's good
3156,1,Already? How hard? ;)
3064,1,Take your time. Tell me everything.
2982,1,I'm already fully committed to dreaming about you tonight.
3227,1,you're sexy too 😉
3370,1,"Mmm then put your legs behind your head, stick my finger in your wet pussy and make you squirt all over my fingers then slide my dick inside you and fuck you slowly til you beg to go deep and hard then fuck away"
1907,0,🎷
538,1,😍😍😍
3239,1,Aww that sucks…
3259,1,Wow never again lol!!!!
213,1,😫😫😫
2135,1,because doges are cool
3424,1,Might not even have time to take your skirt off
1085,1,Dream date idea: zoom date except my internet doesnt cut out like it did last time
1453,0,"i have some friends who play music or act, and when i ask them what they're up to, they won't shut up about whatever production they're working on"
1286,0,Or bo-dwin
3313,1,Rainbow bright lol
1183,0,"4.94 is an impressive score, but does it keep you up at night wondering who the uber driver was who gave you less than 5 stars, ruining what could have been a perfect score?"
2225,1,what else are you into? other than smoking and nail art
189,0,College ends too soon tho there’s so much to learn and do
3476,1,?
3066,1,So slippery.
2084,0,all my friends who are boys have accounts but have like 1 photo on there
2989,1,You make my heart skip a beet.
1448,0,what have you been dancing in?
724,1,That pool looks refreshing but not as refreshing as you
3511,1,Omg I so wish you were here
3321,1,Me: We need to test this theory
878,0,I’m terrible with pickup lines haha
218,0,That’s almost worth going to the show purely to say you did
1569,0,i figured
918,0,"That’s what I like to hear, mama didn’t raise no quitter 😂"
3034,1,What do you want to know?
2709,1,"well if it's your favourite record, why on earth wouldn't you own it...!"
3530,1,you back on to me so I can finish the job
620,0,you have good playlists tho
2015,0,"if you're friends with amy, do you know jeremy and mitch and crew?"
164,1,Lemme fuck ur life up
2651,0,the best VW is the kombi or the beetle
1635,0,um good
2223,0,"i believe you, it takes practice to not colour outside the lines"
3405,1,I am constantly horny
2901,1,You look like sun today
1580,0,"there's a strat in the corner, right?"
2527,0,"lovely, i imagine it's very fulfilling"
471,0,Naisha is ranting let’s get her
17,1,What’s up Jenaya what’s your last played song on Spotify
901,0,I woke up to my roommates wanting to drink
3542,1,Yeah I have a very high sex drive lol
2276,0,you put the accent on cliché the wrong way haha
2153,0,"how rude! i love my lanes, and degraves has cupcakes"
3396,1,Yes please I wanna see those gorgeous eyes of yours
392,1,Giraffes are everyone’s favorite animal 😉
1704,0,oh you're in print media?
2204,0,is that a photo from palace theatre?
2249,0,"um, i play the uke and i have a little semi acoustic that i mess around one"
3446,1,Really take your time and enjoy it
2930,1, your personality shines so bright its so captivating 
2533,0,"not really, it's wordplay that some friends came up with a while ago"
2201,1,do we...
3150,1,Wbu?
2021,0,"yeah, my friend is kind of obsessed with their 90s night"
3523,1,God I want to fuck your mouth and pussy so badly
1371,0,You have pretty much the only tinder bio I have been able to work with
1421,0,have you been electrocuted yet?
362,0,1. Blonde/Channel Orange (tie) 2. Harry Styles 3. Ctrl by SZA 4. Pony by Rex Orange County
2542,0,fitzroy also used to be a bit of an opium den
454,1,I’m troublemaker
3047,1,My tits feel great. Firm. Bouncy. Very sensitive.
3084,1,Tell me how you like to eat my pussy.
3484,1,"clit, that we do it on the couch soaking wet"
1174,0,But instead I just have to go about my life functionally blind
3016,1,"Oh my god, I can feel it growing in my pussy"
2992,1,I'd rather spend my time exploring the aisles of your heart.
657,1,I mean we will have to practice a few times first
219,0,Yet at the same time so sad
3477,1,Could you please French kiss my sweet little pussy love?
3407,1,Namely you.
2891,1,do you want to get together sometime
3135,1,I am going to be jerking off over this forever.
2597,0,please don't tranquilise the asian elephant
3141,1, Really? Like what? ;)
11,1,This is both a compliment but also makes me question my entire life
2754,0,jack black?
25,1,NUT 😩
1929,0,and besides you'd be made of some kind of alloy and be conductive...
2526,1,mostly 🐶
766,0,I really liked marketing in high school then coming to UW got more into tech so combined em :) what got u into envi sci?
1234,0,"Thursdays a bit tough for me but could you do Friday some time during the day,"
1179,1,How can I make it up to you Natalie
2163,0,"don't think so, i think she dropped out"
2983,1,I was thinking we could get lost in each other's company.
1180,0,I'm 50 percent irish does that help
3111,1,Legs crossed and in the air.
1386,0,It would have been except I had a radiator
311,0,Try me
2355,0,"i'll be scathing but if it's on vinyl, it'll be less terrible"
2904,1,Did you enjoy the sex book I land you
830,0,Damn always something
1632,0,"hi, i'm pretty good how are you?"
3426,1,If I'm wearing any
3434,1,I want you to promise me one thing
816,0,I gotchu 👉👈
2,0,Haha drivers license for me too but most recently Dangerously in Love by Beyoncé
1602,0,haha yeah i did that in first year for a bit
2621,1,"thanks, are you named after a hipster essential nutrient?"
2720,1,wallabies are cute tho
3433,1,Chat 16
3238,1,I did actually just never saw you boo
578,1,Best. Match. Ever.
409,1,Also we can finally reach the REALLY high shelves at Costco
1191,0,Also you should try this instant coffee I bought it's the worst coffee I have ever had but it gets the job done
2609,1,the green shot?
1452,0,they're basically plays! aren't they?
3482,1,That's how your going to feel when I spread your pussy with my tongue and make you come with my mouth
1249,0,Dope what are you studying?
1310,1,Do you know what the top thing I look for in a woman is?
2882,0,what kind of air guitars?
302,1,I suppose we’ll have to break a couple rules then to accommodate
3089,1,I think your ass is jealous of your pussy.
2066,0,"science at melbourne, probably majoring in path"
103,1,How can you be 70 miles away but still live in my head?
2352,0,the 4th dimension?
1591,0,last semester i had a day off for the first time ever
1083,1,"I am experienced in fish rearing, so would like to apply to coparent your fish. What is their name?"
3164,1,First we lay on your bed.. And pull the comforters ;)
2886,1,hey do you wanna hook up
965,0,"Electrical engineering and computer science at Berkeley, and then all those hobbies. How do you find the time?"
427,1,It’s okay we can just practice then
1058,0,"Hahaha was the frat your only option? I would probably take anything over a frat. I lived in a sorority my sophomore year which was great, both for meeting girls and living in a clean and peaceful space."
3188,1," Aghhh I'm sooo wet ;) Baby, go down on meee. Puhlease.. Eat me out"
923,1,Hey Sofia 👋
712,0,Ofc is that even a question
179,0,But a vibe for sure
2499,0,haha what about you? other than 2 door
1892,0,"many, many cruisers"
460,0,Also how was I doppelgänger I was troublemaker 😂😂😂
1493,0,life in film's pretty under the radar but they're my favourite
2305,1,haha yes
3415,1,Oh yeah? What am I doing?
2657,1,there wasn't a pun anywhere up there 😸
1141,0,Ended up having to go at least 3 times
288,1,Look who’s tryna slide in
2852,0,looks a little worse for wear
938,0,Haha. Yeah. I was tired today too but out of boredom.
848,0,Ah I feel that. I can go for quite some time but that bit of alone time is so crucial haha
3010,1,My pussy is tight and can take a lot of pain
3020,1,"please cum for me, cum for your love"
1467,0,"and if it all pans out, med school after i graduate"
3271,1,(I send picture of Rainbow Brite)
3506,1,"and id curl my middle finger up, gently pressing on your g spot"
3246,1,"Me: I’m headed to a pt’s right now. Where you at hon? (As you can see before I even think about how to start sexting, I figure out if we can meet up first ;))"
3490,1,i want to slowly spread your legs wide and kiss down the inside of your thighs
2516,0,*illusion
2690,0,"not much, wbu?"
1474,0,do you like lecturing?
3328,1,That’s a cute little pussy I may have to spank you for being so bad and not wearing panties
345,1,Lmao this is mine don’t make fun of the cover picture 😂
2586,0,it showed up as a black square
1643,1,just curious what it is
2293,0,no it's like fruity
390,0,It makes concerts really nice ofc
322,0,Indeed
3211,1,Your eyes again..
2861,1,austrian porn
1555,0,"i don't know what's happening then, i end up being on barbequing duty O.O"
1201,1,I feel as if weve matched before
3330,1,It’s good to be bad sometimes 😉
1075,1,I have a fat ass too believe it or not. What if we had a kid
1537,0,morbid obesity?
446,0,If u can match ofc
3295,1,Are you sure about that
1158,0,Do I have the job?
1813,1,"good, how r u?"
3005,1,"Your handwriting is so beautiful, can I just watch you write instead?"
2478,1,i think they're kind of cool but lung cancer 🙊
438,1,I need to tell my family 🤫
2138,0,haha yeah i saw a youtube video of it before i bought it so no surprises there
2806,1,taco truck is the best
41,1,Hey Jennie you tryna link?
47,1,Hey avisha you tryna link?
3390,1,Finger yourself until you want more
1003,0,I would say 5 as well. I am pretty happy about the election and like it a lot in CA (just moved here). But obviously life is pretty boring haha
1341,0,You continue to impress
2238,0,jack white's lazaretto my god
149,1,Daddy? Let’s go
663,1,"If I make it there I’ll know exactly who to text 😉 come to Seattle and you’ll have free room, board, and breakfast"
3217,1,"Your tounge plunging In my mouth""..Your legs are crossed over my back... Pulling me in.."
1247,1,"Honesty, another thing I respect. Maybe I'll just pay the dowry in full"
2158,0,and there's better coffee
765,0,I’m a marketing and Information systems double major haha going into more of a data role hopefully after graduating
2888,1,do you want to grab a drink
1568,0,crayon factory? they have those in melbourne?
324,1,What’s the worst and best lines you’ve heard on Tinder
450,0,I’m hiring a lit DJ
1021,1,Dope so if we get married I can get free drugs in 10 years
3448,1,Because I'm gonna tease the hell out of you before I let you cum all over my face
624,1,Hey 🥴
1908,0,"a friend of mine is like that, and ironically his name is also josh..."
325,1,❤️
1005,0,Being a nanny plus class sounds like a lot haha - I struggled with class alone in college
2492,1,👍
3293,1,"Well then I think you need to let them know you got to pull over real quick to use the restroom (So here I know I wasn’t being realistic but I HAD to continue the dominance theme, not just because it was the right move but because I was FEELING it.)"
2427,0,but we'll see how that pans out
2957,1,I wish you were here to rub my temples and make me feel better.
2944,1,"I'm excited to see my friend, but I would be even more excited if I could share a meal with you instead."
3169,1,I want to touch u
3512,1,so do i
2250,0,uni's kind of a time consuming activity
896,0,Oh yah same
1223,1,hey are u out tonight?
3384,1,"I'll tie you up to the bed and get on top of you after eating you out and be so rough and passionate, you'll be itching to get out of those handcuffs so you can ride me till kingdom cum"
672,0,So which one?
871,0,Exactly I’ve already got a leg up on everyone else
2768,0,it's wearing the same outfit as your photo
725,1,Be the peach to my Mario
3191,1,As I'm lightly touching your clit..
6,0,"Frank was at the top of my Spotify wrapped, I was v proud"
307,0,If you drop yours one day I’ll make sure to let you know
629,1,In your heart ❤️
919,0,So you go to Wazzu are you back over towards the west for quarantine?
763,0,Oh shit it’s in ur bio I’m stupid lol
3335,1,I want to dominate you and make you mine ;)
3348,1,And you can suck on me hard until we cum
2976,1,  I wish I could go to the farmers market with you and pick
2838,0,"haha no, what about the national?"
3548,1,Until I scream
957,0,"Oh no, what sorts of messages are you getting?"
1378,0,I lived in perkins last year and I remember people throwing out q bunch of shit
1574,0,you put a disclaimer in your about me section
536,1,It’ll be perfect for concerts and reaching the REALLY high shelves at Costco
2933,1, your compassion for others is so beautiful its so attractive 
2642,0,"i don't think you'll get to wrestle my dog, she's not very good at playing games"
2738,0,yeah impulse buy in year 12
2681,0,"melbourne's good, haha i've never been to any other unis tho, 
3rd year"
1757,0,"not much, going into uni to tutor for vcess"
2137,0,jack white lazaretto
98,0,It only took 4 months 😂😂
1805,0,i used to go there all the time like when i was in high school
1888,1,"haha, formal date one year"
2328,0,i just can't really do it on a regular basis
1231,1,Yeah I'd love to :)
1793,0,ha yeah it's really quite distasteful
603,0,HER is so good too ah
3161,1,Awesome. May I feel them?
56,1,U tryna meet up?
3550,1,I want to be shaking
2030,0,"not anything remotely related to engineering or maths tho, thankfully"
3486,1,"When you have a free moment, slip away and show me you pretty little tits"
2230,0,punk is gooooood
2077,0,everyone asks me about it...
2299,0,haha you're on a phone tho aren't you?
1001,1,"Hey Ella, you have a great smile!"
2757,1,arts student?
2726,1,"fingers, just a nibble"
356,1,What’s the first concert you will ride my shoulders for?
123,0,If I rememberrrr correctly I wanna say it was Health! Haha I could be wrong tho
1502,0,so many people have taken up hatchet job photoshopping on tinder
2967,1, I wish I could just lay down with you and rest my head on your chest    
3231,1,Huh who is this
1535,0,diabetes
3493,1,that makes me want to even more
2911,1, your attentiveness is a rare gem it makes me feel so special 
601,0,Super clean Vol 2 going straight to the queue haha
3007,1,I want to fuck you hottie
1029,0,Goes out *
616,0,Haha same thank u too! Night
892,0,If we lose at pong is that grounds for divorce?
2973,1,I wish I could take a break from work and spend some time with you instead    
3017,1,please cum in my mouth
1972,0,"it's only a seasonal thing, good fun and such"
125,0,Ugh Covid really fucking up our last time at UW 😕 yep haha I’m set to graduate in March
1616,0,anyway
2128,0,he's even done one with flower petals stuck in the middle
3186,1,What are u seeing? ;)
3160,1,With JUST my panties on ;)
2946,1,"I'm not looking to date anyone else right now, but I can't help feeling drawn to you."
67,1,Haha send me your addy and we’ll meet tho
2494,0,i listen mostly to indie rock of the british variety
3172,1,Then I find something hard.. Hard like a pole... Mhmmm
3533,1,Fuck I want that so bad
2057,0,a friend of mine is kind of obsessed with their 90s night
897,0,Just followed back haha. I’m boutta sleep talk tmrw tho 2034 beer pong champ
1626,0,"no, it shall go about unnamed for now"
3517,1,I want you to fuck my mouth thrusting your hard cock down my throat and making my pussy sloppy wet while you fuck me with my wand and the fun extension.
1923,0,but holidays right?
148,1,Are you my laptop? Cause you’re really hot and I’m kinda nervous 👉🏼👈🏼
908,0,Ya know sometimes you just gotta humble yourself
3127,1,I can’t believe you talked me into this!!!!!!
1758,0,what about you?
2381,0,haha why not
279,0,That’s pretty intense Kyle levels right there
1282,1,Can he join us on our first date
3204,1,Indeed
3018,1, I will cum
151,0,Snapchat: tronvaughn
3305,1,(I send a dick pic lol)
2952,1,I would rather taste your lips than any spicy dish.
2669,0,pierogis
1418,0,"that's why i don't do relationships in semester, it fucks with your head too much."
2800,0,what are you doing in melbourne?
3409,1,Yeah you got me all riled up
589,0,That sounds way better than what I put 😂 sushi is so good ah
754,1,Awe thanks Kye 🥴 ur 🔥
2896,1,you look stunning today
44,0,Damn Graham
3416,1,In your little fantasy
1309,0,Is this graded on a curve or is 6/10 still failing?
1322,0,"I think I can work with that, but where will we park the horses we take to work?"
3371,1,Harder
1445,0,how did you get into dance?
2121,1,FLOAT ON
3547,1,Over and over and over
3053,1,<knees melting>
280,0,It’s faster to get down the hallway
1542,0,"i have to sleep, i'll ttyl"
3539,1,Will you be naked?
2802,0,haha isn't that what interning is?
2403,0,or cancer
2570,0,"indie rock and indie pop, mostly"
2641,0,lol well i'm not particularly fond of the institution of marriage in the first place
2304,0,i figured you did
1168,1,Why are the good ones always 500 miles away?
661,1,Will I at least have free room and board at your place when I come?
1013,0,What sort of stuff do you like to do in Berkeley? With the quarantine and all I havent had much chance to explore
1252,1,Or at least a date or something
1713,0,i went with a friend who just went for the canned ice cream
1534,0,tooth decay
699,1,Send me your best pickup line
2543,1,which organs have you donated?
2008,0,you decided to jump?
481,0,I proved I’m insomnia
2184,1,🐩🐩🐩🐩🐩🐩🐩
435,1,😍😍😍😍 best match EVER
3322,1,<attached image>
428,1,What’s your snap?
1987,1,nice mug ☕️
876,1,"Perfect, but like if we stay married I’m cool with that too"
2905,1,You are my greatest news of the morning
2960,1,I would love to go grocery shopping with you and cook a delicious meal together    
2479,0,i am far too uncoordinated for that
2869,0,i probably petted you when i was at the show
216,1,Boy band connoisseur 🥴
3060,1,Check if you’re wet. Slide your right index finger into your pussy crack.
670,0,It’ll be the best selling movie ever
3347,1,Then I want you to sit on me while I eat you out
1955,0,today wasn't even that warm
1766,0,yeah
1273,0,It's extremely important for dental health
1342,0,Official services not that I know of
49,0,Just voted today!  FDT lmao fingers crossed for Nov 3
3153,1,I can imagine ;) I bet u look fine.
1356,0,They are also divorced lol
1816,0,there's a way you can take nurofen and panadol alternately to maintain enough painkillers in your system
1633,0,"yeah it was alright, wbu?"
570,0,My yodel is probably meager compared to yours but I’m all for 1 am yodel sessions ofc
3095,1,Me too.
676,1,You’re too nice 🥰 what tattoos do u have?
2150,0,why do you cry at night?
3068,1,"Can I taste please? Just a drop, I have so much to spare."
2515,0,"ew no, i'm not really into apps that offer the delusion of privacy"
1770,0,free alcohol is the best kind
3532,1,I can't wait to pick you up from the couch and take you to the kitchen counter and pleasure you and then pick you back up and pin you up against the kitchen wall and continue
2956,1,I would love to take you to see a play with me and share the experience together.
3374,1,And grab my neck pulling me in for more kisses
2152,0,i know the laneways quite well
134,1,"Bet, 2 lokos each. Dealbreaker tho, which flavors are u choosing?"
3545,1,I'd love to
3385,1,God I hope you're hard right now
925,0,2 matches in 1 what a bargain
2916,1,  theres something mysterious and intriguing about you that i cant resist 
723,1,Are you my homework? Cause I’m not doing you but I definitely should be
718,1,Do you have a Snapchat beautiful
1090,0,On a scale of 1 to 10 how well is your life going right now
658,0,Hmm that is tough
3536,1,I want massage your shoulders
2573,0,does it have a name?
2654,0,thank you for the very kind offer i'll have to decline because i don't think that's possible
1518,0,what kind of postgrad?
1170,1,Why are the good ones always 2500 miles away?
1488,0,the opening scene with the umbrella...
3209,1,"I know u want it.. So I plunge in  slowly, as I start to fuck you I look at you"""
1893,0,well it was a high school formal
31,1,I fucking know Alyssa tryna link
673,1,You’re the best ❤️
3349,1,Just being honest haha
2262,0,germany is as far as i've been east in europe
597,0,Okay top 3 albums go
3236,1,Aw lol
3362,1,Tie me up
3046,1,"No, wait. Tell me how it feels first. Rubbing your tits."
3463,1,Go get your vibrator
2001,0,🔢
1484,0,that's a lot of beer
1047,0,"I guess to be more succinct, generally I'm looking for somewhere between  friends with benefits and semi serious fling"
3375,1,Yeah we're gonna fuck for a long time
145,1,"Alright alright 3 things and you guess...
1. Favorite artists are Frank Ocean, SZA, and Rex Orange County
2. Marketing and Information Systems major at UW
3. Just got my ears pierced but it’s not in any of my tinder photos yet"
946,0,Drinking lemon water is usually a dealbreaker for me
2749,0,"beck is good, such a strange one"
1783,0,work?
1207,0,You'll have to trade me one of your cooking secrets
650,0,🥺 omg I was actually able to find it looking up frank ocean kid cudi me LOL
469,0,I swapped TAnner with Snehu
3079,1,"Stomach kisses, hip kisses, thigh kisses… know where I’m going?"
69,0,Bet how much time u need?
204,1,Hmm I don’t think I can provide that Alexis you might have to go a bit more reasonable 😂
2691,0,mondays r brutal
719,0,Please send
3320,1,Me: You would probably make my dick stay hard for at least two hours
3340,1,Mmmm I love that miss your tight pussy fucking my big dick
3503,1,then lick up and down
3483,1,"We're in the shower and you're soaking wet...everywhere. We get so worked up, rubbing my hard hard cock against your"
131,1,Haha it is a perfect first date tho
3284,1,now show me your fucking body right now I want it
2477,1,haha i have a box i bought at madrid airport for shits and giggles
3461,1,Call your boss and tell them you won't be in tomorrow. You're going to need a personal day to sleep and recover after what I do to you all night long.
1022,0,I grew up in new york state in a town called Mamaroneck. Then my mom and I moved to Mass when I was in college and moved around there a bit.
3139,1,So how have u been?
2713,0,mine are mostly indie rock and some indiepop
2074,0,"no, it's wordplay"
2790,0,i like my elliptical but i have had too many traumatic experiences in PE
2877,0,cool change coming thank god
1723,1,"i've always lived in melbourne 😸 except for a brief stint in montreal, which i don't really remember"
2937,1,"I wish I could spend the evening with you, but I have some unfinished business to take care of first"
1686,0,became a coat rack for a while...
582,0,Damn :( big difference
2406,1,your first photo looks like a token indie band pic
2968,1, I wish I could wake up to you every morning and start my day with a sweet kiss    
2890,1,would you like to go on a date
877,1,What’s your best pickup line?
76,1,Hey this is a bit forward but do u have a condom or should I bring one
3006,1,I'd rather study the lines on your face and get lost in your eyes.
72,0,Bet I got u
562,0,Damn once I perfect it you’ll finally see the 7’ tall Noah
1948,1,why on earth are you trying to go to sleep at 10?
1883,0,i drink the stuff but i don't actually smoke it haha 🚬
2892,1,are you up for some fun tonight
2037,1,how was your day
728,1,A woman of culture
3317,1,Going to pin you down and slide it inside you while you moan and wiggle around
1266,0,"Okay, so I've won you over. Now it's your turn. Tell me about yourself"
112,1,Hmmm guess my favorite drunk food and I’ll guess yours haha
1811,0,"ah k, i don't really know any train lines well haha"
2745,0,have you guys put anything out yet
3019,1,"oh fuck that's big, I love that"
2253,0,nice which one?
1598,0,yeah i'm doing vcess right now
645,0,Now should I put you down for a watermelon loko or do you prefer green apple?
1788,0,yeah there are a lot of thursday nights around melbourne
249,0,Hmmm watermelon is a good first one
2708,0,favourite record?
3403,1,Damn
245,0,Well choose your flavors for ocho loko we’ll repeat that
436,1,I just did 😍
910,0,I’ll drink whatever but I def don’t mind a mixed drink. I enjoy drinking games a lot lol
1903,1,i have a epi dot 🎸 but i'm terrible. i prefer my little uke
1613,0,biomed at melbourne now i think
2383,0,what kind of music do they play
317,0,And “I” by Lil Skies on repeat
230,0,Wtf ur shotgunning the loko then
1768,0,"i am actually presently not drinking, however i do attend alcohol fuelled events and watch my friends get really drunk"
3510,1,as im licking your clit
1820,0,i think they'd give you morphine then
146,1,How about a pickup lime
3134,1,Amazing. Fucking amazing you pervo we’re pervos!!!!
180,0,UMI I’m about it
3154,1,Mhm.. ;)
856,0,Ugh that’s an L you’ll have to go extra hard after quarantine to make up for it
3515,1,as i keep licking
2919,1, your enthusiasm is contagious its so inspiring 
3065,1,"I can feel my own pussy heat, so hot on my hand."
3399,1,Yes to both
3097,1,I will wait.
2979,1,Can I come over and keep you warm and dry?
2778,0,"nice, are you graduating or something?"
735,0,Phew at least you didn’t have to use up the daily super like 😅
1862,0,"yeah it's good fun, lots of fun activities and things"
2415,0,no...dogs r the best
3230,1,Watching the chargers game. Come be a party of the carnage. Orale!
404,0,Damn I didn’t watch the right episodes then lol
3031,1,You know what!
348,1,LMAO this is mine don’t make fun of the picture 😂
452,1,👀
1148,1,If you are lucky we can side hug before marriage
3117,1,Nice and light around the pink. Softly exploratory fingers too.
3159,1,Mmm..
3264,1,About*
1031,0,You ever do some crazy shit while drunk
1186,0,I love making spaghetti
3274,1,See told u it was my twin
3125,1,OK IT IS IN! Holy shit I have all 9 inches in my ass for you!
3234,1,I even goty phone stolen 🙁
935,0,Need to get a new job i feel like
231,0,He’s perpetually 13
681,0,Aw :( it’s beautiful just how it is Lilyana
1150,1,You are pretty
2519,0,you realise snapchat keeps all your photos right? i don't recommend doing weird shit on snapchat
3414,1,I'm thinking about you bending me over like that though. Is that really being a tease?
592,0,I get sushi 1-2x a week at Ku lol
498,0,USA
79,1,Snap?
874,0,Hey Deej 👋
2909,1,style   your fashion sense is impeccable it matches your stunning personality 
2685,0,"nah i have a dog, a great big golden retriever"
1918,0,"and yes i am, although now i'm doing a pathology major"
3001,1,I'll be dreaming about you all night long.
2975,1,I wish we could save money together and plan a romantic getaway for the future    
772,0,Kind of testing the waters haha it’s been a while since I’ve been on so I’m seeing what it’s like. Plus during quarantine it’s really nice to just have a convo
2469,1,haha yep good luck with that
2851,0,"nah, he doesn't look so little"
301,1,Respectfully from 6 ft away ofc
933,0,That sounds wonderful! I can relate to the parts about sleep and being tired afterwards. Proof that your brain was utilized for something new!
803,0,Aw nice! I’m so ready for quarantine to be over and see all my college friends tho
289,0,Entanglement
3167,1,Mmm.. Fuck I'm hard
2866,0,"nah, he's not blonde"
814,0,Bet I got the 4 lokos U get the skee ball. Those 8 year olds don’t stand a chance
1550,0,i'm pretty busy with vcess activities and i'm going to royal croquet this weekend
546,0,I’ll say black as my next guess
2922,1,your humor is one of the things i love most about you its so charming 
713,1,Aw so cute 🥺
2723,0,"well, i was bitten by a kangaroo once"
346,1,You’re not wrong 😂 wait lemme send my repeat playlist that could be better
1289,0,Nah we were just together for two years hahahaha
3061,1,Tell me — are you wet?
2649,1,well why don't you speak to him yourself
2590,0,"fair enough
is that 5 of you in your photo"
3301,1,Me: Alright I’ll go first 😉
2547,1,i'm not aiding and abetting the illegal organ trade
1216,0,I wish it was a requirement
1405,0,mmm same i'm from melbourne
2927,1,your energy is magnetic its impossible not to be drawn to you 
21,0,"How tall are you? Remember, No bs"
3185,1,"The sight I'm seeing is unbelievable, It's beautiful.."
1076,1,So will we conceive in your 2003 subaru or mine
2932,1,your physique is stunning its so attractive 
556,0,Hey how’s it going haha yesterday I got busy
1101,0,I'm pretty surprised I got it. I was fully prepared to spend like 15 minutes figuring it out haha
1271,0,You need to be saved
781,0,Honestly haha I’ve been making my friends and fam watch
2655,0,i'm pretty certain i'm an anatomy student
3489,1,Oh dear god I just cam so wonderfully. Thank you.
3377,1,I want to be in you so bad
2656,0,also i'm not keen on being cannabalised
563,1,I’m no short king but there’s always room for improvement 😉
3210,1,And?
3112,1,Twisting dildo head like screw in asshole entrance.
2453,0,"yeah, i know"
236,0,Pshhh I haven’t drank in 4 days
3250,1,I’m in California now
2528,0,i see why you haven't written anything in your bio
2397,0,you put it into a bong and smoke it
1215,0,I miss physics
3382,1,I want your big hard dick inside of me
615,0,Big fax haha he’s just super soothing. Like I want you and Heartbreak anniversary are my faves I think
2143,1,"but op shop vinyls are the best, i've decorated my wall with them :)"
868,0,I’m always picked first for basketball tho so that’s a plus
3009,1,Your pussy is really wet
2920,1,your voice is like velvet its so soothing and enchanting 
2334,0,omg you need to like explore the supermarket
1689,0,"not much, was dragged to the farmer's market this morning"
2382,1,"i have to go to dinner, have fun at the show"
2592,1,👯👯
2120,0,"how old is he, dear god he's not like 10 or something"
178,0,A bit different
1563,0,"i've never been, except to see a dog breeder"
2390,0,you actually hunt animals?
3429,1,"No, never haha."
3174,1,"Mhmmmm, sure. Then I take your cock in my mouth ;) mhmmm."
2712,0,what genre is it
1706,0,"indie rock, some indie pop, i listen to anything really"
966,0,I feel that haha. Do you not like coding at all or are classes just enough for you?
2671,0,"what are you doing in melbourne,"
337,0,I did haha one year younger lol how is Wazzu?
2574,1,🐻🐻🐻
2683,1,haha what are you doing at uni then?
1145,1,I refuse to kiss before marriage
2234,0,indie rock is the shits
2750,0,so is his songbook
1711,0,haha we got there at 6:30 so didn't have to
3023,1,"oh fuck that's fucking hot, so wet"
3412,1,I'm assuming it's a nice view
2928,1, your sense of adventure is so exhilarating it makes me want to explore the world with you 
3499,1,outside first
1246,1,"I mean you are pretty and I respect you a lot, but that's pretty steep"
3059,1,Talk me through it.
3203,1,Your on fire!
3464,1,"No, I want to play with you first"
3151,1,Just a t shirt;) U must be rather warm though maybe u should get more comfortable ;)
2698,0,well not for students but people who work...
3491,1,I love how wet you get
833,0,Jay is my middle name so I think it’s destiny
623,1,You made my heart skip a beat so u better pay my medical bills
2897,1,can I give you a hand darling
1396,1,😸
3122,1,How does that feel?
3404,1,Nice recovery
3465,1,Oh yeah? What did you want to play with?
3478,1,I want to feel your warm mouth on me. Your wet tongue gliding slowly around my clit.....
782,0,Talk to u tmrw nice talking to u!! Good luck at work tmrw 👋👋
2392,0,i don't hate on people who hunt
2925,1,do   watching you work is like watching a master at their craft its so impressive
1710,1,i was actually really looking forward to having a whack with the mallet
3527,1,trying to concentrate on my work but all I've been doing is daydreaming about having you bent over my desk with your jeans around your ankles
604,0,I just listened to NIKI for the first time today would recommend
2020,0,or persa
3129,1,"Ha! I have a candle on my nightstand, dare me?"
759,1,Hi I’m a normal person
2705,0,psych sub-specialty?
2081,0,"for that, neither do i"
1916,0,"your bio says you were reprogrammed by AI? dear god, this is the last time i'm referencing someone's bio."
262,0,I like the yogurt soju
3480,1,I can indeed my little fucktoy
3098,1,OK I’ve got it.
411,0,Oh ofc ofc or I’ll grab from the top shelf and you get the chase
1956,1,was it? 🌞
2309,0,haha it tastes good
2344,0,i'm tutoring psychology 📝
1084,1,Are you still hiring for this role
1238,0,I too am an athlete - a mathlete
1958,0,i didn't really leave the house today except to walk the doge
3028,1,I'm glad I didn't stop you
2784,0,"she moved for work, ended up on a project that required some relocation to canada i think"
1030,0,"Same as you. Partied a decent amount in high school and early college, then for whatever reason being drunk didnt feel good anymore so that pretty much was it for me.  Was never going out 3 times a week tho haha I would literally die"
2436,0,WHY? i want to stay in melbourne
3120,1,You’re too big.
135,0,🤢🤮 we agree there
653,0,Hi
2228,0,/what kind of music do you make
1638,0,there's a chocolate lab?
2178,0,what about your other doges?
2235,0,british mostly
3411,1,Yeah I want to see you bent over in high heels
3140,1,"Fairly well, and I've been naughty sometimes ;)"
494,0,Damn it be like dat
2588,0,french is overrated
586,0,LMao phew. Who doesn’t like a lil bit of crazy tho
2202,1,1am isn't really that late
791,0,My day was pretty boring lol I work full time from home so it was a lot of staring at my computer 😂 getting a run in after was super refreshing tho
3075,1,Goddamn I’m so hot this is so hot you are so hot
472,0,I was fully kill Naisha LMAO
368,1,I suppose guessing your personality from your playlist would be the same as guessing mine 😂
843,0,I liked it in HS so wanted to continue but I am also an Information Systems major so I’m tryna do more of like a marketing analytics type role haha
2525,0,"um, uni? work? dogs? food?"
588,0,Alright I can fw that haha mine is probs grape tbh which is a bit odd
3248,1,"Me: It’s a good spot, it’s just cold season now. Where you from"
1120,1,"You share a name with my childhood neighbors dog. Like her, you are very cute."
2227,1,"i'm at uni, what's your band's name"
3468,1,I really want to eat you out until you forget why you had any worries in the first place
334,0,Damn now I feel like I have to bring more what else should I provide?
539,0,Took so long 😴
1947,0,it's only 10
1095,1,I am so excited to finally have someone who I can brag about this to
3085,1,Your cunt is like candy! Your thighs soft and supple like bubblegum.
214,1,Any music is welcome to the playlist LMAO
3026,1,"wow that's amazing, thank you"
3276,1,Gawdamn you’re hot. When are you coming up here to visit me again
1433,1,"that's pretty cool, so you're a ballerina? 😸"
1087,0,Ava how is ur life going right now 1-10 hit me w it
1880,0,do you actually like salad that much?
399,0,Hey how are you
840,0,Gotta play yourself before you get played
1891,0,i think it was cruisers
1636,0,nice doge
272,1,See this is why we’re the professional frat 😤 2 steps ahead
3337,1,You from behind
2950,1,"I would much rather spend a quiet evening with you, just the two of us."
2955,1,I wish I could stay in bed with you all day instead of leaving on this trip.
1413,0,"i don't do relationships in semester, if that answers your question"
215,0,I played that and Stian was vibin with it and asked Siri what song it was and he felt so betrayed
1652,0,my mom makes new doges from the fur she brushes off...
3360,1,I'll be the bad cop
1745,1,i bet i have more participation ribbons
3326,1,Me: Send me a pic in your panties
1140,0,"System is really useless though in my experience, I had a friend who I had to take to psych ward for schizophrenia, they literally just booted him after a week regardless of whether he was ready to leave"
275,0,Half our apt has small dents from our locks cuz there’s no door stoppers tho big sad
198,0,Not a pickup line but my dog looks JUST like yours haha
321,0,"Mine is falling, meet me in the hallway, sign of the times"
1226,0,are you mostly busy with classes or do you have a lot of other stuff?
839,0,Oh shit should’ve read your bio first
2652,0,wow
869,0,I feel like permanent stilts would be a pretty popular wish from some short kings hahaha
3039,1,Are you wet?
3173,1,"Yes I want to feel your whole body, It's so smooth, soft, your breasts are incredible.. I want to suck your nipples ;)"
2063,0,"i don't normally go anywhere, i get too busy during semester. a lot of people i know go to seven or ritz"
940,1,"Yeah. I know how hard the lockdown is in germany. Maybe we could go to a cafe together some day?
Good night ☺️☺️"
2229,1,that's a good idea they're coffin nails
1304,0,Thanks means a lot
2799,0,but they're called dagwood dogs or pluto pups
433,1,Bet gimme ur snap let’s do this
64,1,Seattle but with a bunch of ppl u alone?
457,0,I am the troublemaker but missed it
1707,0,"normal rock is alright too, my current favourite jack white lazaretto"
3147,1,I like that. So u wearing much?
439,0,Let’s give 12 months
271,0,Honestly akpsi wins in that regard tiddy milk for everyone
3428,1,"Have you ever been with someone 6' 5""? Or similar height?"
3504,1,right in the middle
1709,1,SAME!
762,0,Yeah feeling good! What major are you?
3450,1,Oh god I want to fuck you so deeply
1738,0,indie?
1541,0,ha thanks😺
2509,1,hi 😺
1737,0,hipster?
2775,0,"not really charity work, we're paid in sausage sizzles"
2517,1,feel free to add me on instagram
806,1,Snap ?
300,1,"You’re pretty cute, I’d definitely hold your hand in public"
3076,1,"Working my way down your collarbone, your breasts."
3128,1,Can you DP?
3015,1,"I am going to cum, but you can close your eyes and let me cum in your mouth"
2766,1,"well you wouldn't believe the arrogance of the ivy leagues, our little group of 8 is a pawn"
2995,1,I'd be forever grateful for your expert guidance and dazzling smile.
2965,1,"  I would love to learn how to cook with you, and maybe we could teach each other a thing or two    "
3552,1,can you come over & eat me out?
579,1,You. Me. Lots of flowers. And we embrace each other until sunrise
290,0,? I haven’t changed my photo since downloading
1086,1,"Your really cute Jessica, you're smile is very pretty!"
2636,0,"no, i think the year 7s still go every year...kind of a long running tradition apparently"
1985,0,i got that name like 6 years ago
2255,0,"yeah i like melbourne, but i'm not entirely sure i'd know what to do if i didn't go to uni"
2476,0,cigarzzzz
756,1,I love the earth. Let’s save water and shower together.
3514,1,pressing harder and harder on your g-spot
1654,0,you can make this clump that looks like another dog?
3280,1,Girl I’ll be the one holding you to things.. like my kitchen counter. My bed. Maybe even a wall or two (but no time to relent.. keep things going and have fun!)
3331,1,I want to spread your legs and eat out your wet pussy
3296,1,"Gawdamn. Wish I had this earlier, I already came thinking about you when I was in the shower (It IS ok to bring this stuff up if you’ve hit that point with a girl)"
2883,0,i have an epiphone
1426,0,haha does that ever end well?
1212,0,I appreciate honesty in the bio
3358,1,God that is so hot
3226,1,Jon is sexy
3372,1,And harder
2739,1,it's so cute and i like the nylon strings
2898,1,It looks like you had a great time this weekend
841,0,Always one step ahead
2192,0,how's the pet detective thing going?
3441,1,"I don't mind if you set the pace with your hand on my head, either."
66,0,We close
2608,1,inanimate objects?
1274,0,I see why you might think that
3487,1,Yes sir
2936,1,being around you makes me go crazy
3388,1,Rub harder and harder in circular motion
3058,1,"Will you do that for me, babe?"
2559,0,i'm in 3rd year undergrad science
3436,1,Tonight you will not move from there until I make you come with my mouth
1530,0,YES EXACTLY
303,0,Hey you dropped this
3042,1,Mmmm.. tell me where you want them.
2341,1,went to uni to do some volunteering 😸
3062,1,Dripping.
818,0,If we go to chipotle you best expect me to order the Quesarito
884,1,A 13” difference is no big deal right?
3225,1,XX..
3200,1,And rub your finger on my clit..
1697,0,ahh
82,0,L
2650,1,i wouldn't try and compete with a vacuum cleaner
2961,1,I wish you could be there to hold my hand and keep me company while I'm getting my teeth cleaned    
687,1,U made my heart skip a beat
1435,0,i mean i know ballerinas wear those pointe shoes and weird nude bodysuits but i don't think that immediately means homosexual...haha
2966,1, I wish I could bring you with me to meet my grandparents and show you where I come from    
305,0,It do be like dat
2044,0,my mom used to live in canada
1323,0,If you can figure out a way to hide a horse behind a box that size I'll be very impressed. Are you still at college or have you graduated yet?
3119,1,"Push gently baby, open your asshole for my big dick."
1253,0,Awesome. You're in Boston are I'm guessing?
2601,0,"melbourne IS a small place, i'm having an existential crisis about my major and high five for unemployment"
2118,0,"yes she's alright if you get beyond fancy 😳
life in film is somewhat bloody slow with their releases, some kind of record deal bustup, apparently they're very smiths-y whatever that means"
1181,0,We neighbor the Brits and were also oppressed by them
1674,0,what's your favourite record
3133,1,OMG you better be jerking off.
1860,0,a friend of mine is from nsw but is down here for uni and she misses her GR like crazy
381,0,Awww cute!! I have 2 shelties at home but I’m living in U district rn
2345,0,lol that never works
413,1,YES I love these type of profiles haha bonus points for the rainbow numbering
3437,1,I promise
2615,0,haha the swedish also make good food too
3474,1,sliding down your legs. After that I want to gently circle your clit and I won't stop until you tell me to
2218,0,um sorry...?
1236,1,I'm having trouble thinking of a first message. Can you help me out?
1044,0,"CoQ 10 too if I remember correctly. Ironically my migraines ended up being caused by a magnesium supplement I took, and it was months before I found the connection because it didnt make any sense."
478,0,I have a friend with 2 A’s
1500,0,i don't think i'd fit
2050,0,nice to the mountains
377,0,Pretty good! I worked all day so pretty boring overall lol but hbu?
99,0,Pretty well! Quarantine is a bummer but what can u do lol
2788,0,misuse of puppies.
336,0,Hey odd question but did you go to Mount Si? I feel like you look kinda familiar lol
2114,0,which ones the best then?
3303,1,I really want to suck on your tits. Then fuck you (I save the overt sexuality for when it’s appropriate)
3104,1,What color?
3245,1,I see..
3176,1,I touch your 'tip' with my tongue ;) It's oozing pre cum ;)
1824,0,"i did come across people looking for a threesome, and some BDSM enthusiasts"
1036,0,What are you into besides jeopardy and smash?
461,0,Damn it do be like dat
2079,1,what are you doing on tinder?
412,0,You got beer pong I got flip cup let’s run the tables
1936,0,i don't know what the female population of tinder's like but i hear there are a lot of spambots
2663,0,lol no i'm not stupid i know what you're getting at
3279,1,Hey don’t make promises u can’t keep cuz I’ll hold you to it silly boy. Yeah color run was this morning (Phew)
1859,0,"i'm volunteering at uni, teaching disadvantaged vce kids so i was making notes for that"
1192,0,I'm not really an extravert but talking to no one other than my mom does get a bit old
757,1,🤩👀🤩👀
2041,0,canada's cold
3100,1,Dunno if I can get it all in but I will try.  😉
1434,0,hahaha do people actually think that?
1639,1,🐶
168,0,🙈🙈🙈🙈🙈
2984,1,You have a talent for making my taste buds dance with joy.
2782,0,"after, i think"
696,1,So are you flying to me or am I flying to you?
1895,0,did you get that last picture from tumblr
3524,1,Sleep good
679,0,That’s good to hear! Highkey whenever I see you message me I think exactly what my first message says haha
3074,1,“I’m so fuckin’ hard right now.”
2769,0,"i used to, went to newman for a semester"
1109,0,I like it a lot here! Weather is insanely good (on days when you can breathe without damaging lungs). Other than that I havent really been able to experience much because of the coronavirus and the fact that I am too lazy to do stuff.
3143,1,I would like to know ;) Your so pretty;)
117,0,What’s tik tok?
373,1,It’s only fair I get to ride your shoulders sometimes tho
96,0,Hey McKenna
882,0,65 year old Noah will be SHREDDIN the waves
1123,1,How much parks and rec is too much?
3381,1,And you'll scream and squirt everywhere
1514,0,*?
1835,0,hilarity ensues
502,0,No lol
3071,1,Do you wish I was right there with you right now?
1069,1,"Hey Madelyn, you have a great smile!"
2900,1,Do you want to work together 
942,0,"Haha. Can relate. Well, sleep is lot something to play around with I say. It makes a world of difference."
2291,0,OMG
2939,1,"I wish I could spend the day running errands with you, just so I could have more time with you."
1419,0,uni's hard like that. are you at uni as well?
1579,0,teles?
647,1,"And it’s perfect because I’m also super high maintenance,  don’t understand sarcasm, and have no sense of humor"
3073,1,Slowly up to your left ear — my voice and hot breath:
463,0,Let’s choose someone to hang up on no matter whT
208,1,Take me to the bikini barista and call it a date
3050,1,(sometimes I squeal!)
212,0,The only Spotify playlist I have is “it really do be like dat”
1594,0,"cool, what major?"
2085,0,amateurs
451,0,Let’s rig one night
3190,1,My pussy is just tooo wet..For you
916,0,We’ll just mix em all together and have good ol 4 loko jungle juice
369,1,Lets swap playlists and make assumptions about each other
3327,1,I’m not wearing any
730,1,Like chocolate 🍫
580,0,Yeah I’m staying up here haha
3286,1,I’m with family right now… Damn or else I would
1629,0,doge
1855,1,OMG FLUFFEH
3091,1,And then I’m gonna fuck it.
1133,0,I can barely read about politics without getying angry
1577,0,they're beautiful
3469,1,I'm about to get a shower.
686,1,My rhymes: the sickest      My ass: the thiccest
2689,1,it's far too early 🌞
3283,1,Rawrr… Yummy but I want more
2924,1, your taste in everything is exquisite it matches your incredible personality 
1622,0,haha ja'mie
210,0,Deal
1921,0,are you at uni?
3183,1,"But now I want to lay u down, and I want to feel your clit.."
3110,1,"I am! OMG so nice. I’m on my back, knees bent."
376,0,Vitalis serves one purpose and it serves it well - to get fucked up
2934,1,is there anything you cant do your skills are so impressive 
2463,0,but that's impossible to get into
3367,1,Moving my tongue in different motions and using my fingers to put pressure on your clit
3287,1,But yeah u do (think she meant i here)
2329,0,"also soy milk, but that tastes funny"
980,0,It's not too bad - I have work every day this week but Thursday which isnt the best but my family is on the east coast anyway so it doesnt matter much
1388,0,glockenspiel?
2122,0,"good news for people who like bad news, kind of the extent"
627,1,Hey boo
1655,0,it's easier to do with cats
2449,1,saying that in the least macabre way possible
1392,0,lederhosen isn't a person
414,1,I choose 4 👀
695,1,We’ll have to practice first 👀
2042,0,but maple syrup
2480,0,"yes, that and throat cancer"
2312,0,swotvac is when i get really stuck into it
1057,0,I feel like my entire day kind of blends together cause I have nowhere to be and before I know it a full day has passed and it's not clear what I've really done
2895,1,do you want to go out for a drink
203,1,Whatever you want your prize to be I can provide
1932,0,happy to help!
3067,1,I’m drenched.
549,1,Guess I win 😉
2340,0,"*scroll down* ""Make it so there's more of my guitar and less of everyone else's shit"" - Wilson Jones"
3531,1,"I can't wait to have you inside me while you play with my clit, ramming me so hard and making my legs shake. I want to be gasping for air while begging for more"
2395,0,isn't it eleven herbs and spices?
2974,1, I would love to dance with you and let you lead me to the rhythm of the music    
1512,0,"not a lot of essay writing, really"
1078,0,Can you tell me what FDT stands for I have been trying to figure this out for like 3 minutes and I'm dying to know
367,1,That soft girl playlist is the MOVE haha damn our music tastes align
2863,0,you wouldn't know a guy called jeremy pattison would you?
2408,0,what does gainfully mean?
3492,1,Well you know how to turn me on
568,1,No live music tho sadly the budget didn’t stretch that far
26,1,Two matches for one swipe? Black Friday deals came early
2080,0,high 5
3207,1,Fuck my cock.. Aaaahhh... Fuck I climb on top and just tease the entrance to your pussy...
1455,0,"alright, went out to dinner with my parents"
3113,1,Push it in?
1486,0,matt berninger's voice is 👌
2332,0,"and i eat all other dairy products, it's just milk that gives me abdominal pain"
1581,0,i am shit
3027,1,I'm going to go for another load
764,0,Oh that’s so dope!!
963,0,Fuck yeah I'll go on frequent trips to goodwill with you
1705,0,and candles smell better than electricity. i like vinyl which is basically obsolete but if you'll believe it vinyl sales and production have been at an all time high
2918,1,your laughter is music to my ears its so infectious 
3400,1,What's your recovery time like?
3086,1,<burying my face between your legs>
2300,0,safari? or chrome or whatever web browser it is?
639,0,We can switch back and forth
1451,0,like do ballerinas do plays or musicals and stuff?
1996,1,🙀
1244,0,I have extra respect for women who message first
2847,1,but which faculty is the best for bad jokes?
1293,1,Were a perfect match
2719,1,dear god no kangaroos are vicious
1400,0,where is that et bicycle?
285,1,If they’re available those are the ones we’ll get 😂 god imma die tmrw
3256,1,What? A girl saint..? That’s not right. 😉
2435,0,such fun
3178,1,I play with your 'head'. Then I swallow it down my throat ;)
948,0,our taste buds have like nothing in common
2069,0,because
1258,0,I too disappoint my parents
2589,0,well.
3275,1,Lol
947,0,What good traits of your balace it out?
1928,0,but could 5 V elecrocute someone?
3216,1,Mhmmmmm....
2031,0,for the lols...
3282,1,Okay dead mouse lol!!! (sent pic wearing Deadmau5 mask)
795,0,Imma be really happy once ppl can start hanging out in large groups again haha
440,0,It better be a really lit wedding
2868,0,nice to meet you mr goat
1774,0,yep. many splinters.
1567,0,apparently the costumes were really itchy
1731,0,where in canada are you from?
823,0,It’s whatever your chipotle order is but instead of a tortilla it’s a quesadilla
2060,1,it was insanely crowded. did you have fun?
812,1,Your snap is crazy
1503,1,😸😸😸
1015,0,Hahaha damn it you got with me the or. Either way I was bluffing you would probably wack me at both.
1960,0,how is that possible
3432,1,"5' 11"" dudes could never"
3364,1,"I will I pick you up and out you on the counter top, I spread our legs and tease you with my hard cock"
374,0,The top shelf is the best that’s where the best alc is kept ofc
2873,0,rolling stones?
136,0,Peach <<<
3459,1,"Shh shh just say ""Thank you, daddy"""
359,0,Tbh his first album is top 3 of mine lol I could listen front to back without skips
2130,1,liquid filled record < record named liquid 😜
1995,0,^
2104,0,✉️
2606,1,what do you want to photograph?
2978,1,I'd rather spend my afternoon getting lost in your eyes.
3080,1,"Spreading for you, baby! Oh please baby oh please eat me up!"
3497,1,and slowly spread you open
2972,1,I wish I could admire art with you and see the beauty of the world through your eyes    
512,1,Let’s have a baby
2416,1,"plus customs would be a nightmare, can you imagine them wrangling a pegasus?"
1889,0,booze enthusiasm
2222,1,nice nails 💅
294,0,Howdy 🤠
2288,0,i lived at college for a semester but i couldn't stand it
3000,1,I'd still cuddle with you even if you had a million cats.
2447,0,what are doing now? garage-banding?
3096,1,"No, do you have a dildo or a vibrator? I want you to put it up your ass."
2729,1,they're pretty cool...at a distance 🙊
1096,0,I think it runs in my family - my mom is also an absurdly fast typer. Doesnt hurt that I also played piano for most of my life and spend an inordinate amount of time on my computer.
1431,0,haha are you at uni too?
842,0,LMao damn it do be like dat
2450,0,"nice, i'm volunteering this summer as well"
2958,1,I would rather hold your hand tightly during a scary movie than watch it alone.
3458,1,"If I'm around you, we won't have a problem making sure I'm ""well lubricated"""
3394,1,I think so too
1240,0,Is the last name Satan?
384,1,You’re pretty cute I’d definitely hold your hand in public
3290,1,No I just bought this phone Tuesday. I lost my phone that night honey
2578,0,good i'm currently standing in line at corner
3272,1,Haha… That’s my twin!!! How did u know:)
2668,0,your name's spelt funny
3398,1,A blowjob? Not my eyes
3319,1,Send me more pics they give me.. ideas. Lol
787,0,How are you?
982,0,Arent you supposed to be legally representing chickens not eating them?
3196,1,Mhmmm I like it... Say dirty things to meee...
1245,1,So is the dowry negotiable or what
2702,0,uh maybe but y'know stranger danger
2938,1,"I was planning on going out, but the weather is making me want to stay in with someone cute and cuddly like you."
2849,1,"from a certain angle, it looks a little like a llama"
684,0,I feel that it can be hard to overcome the insecurity. Ur Killin it tho Liyana
1263,0,Fuck yeah
560,0,It’s more of a manifestation than a reality unfortunately
654,0,"Okay I’ll be real, I’m trying to figure out which should be my first pic on my tinder. Help me decide?"
1586,0,are you at uni or...?
907,0,Oh fuck next time I’ll buy off your recommendation 😂 my roommates decided they wanted 4loko tonight and tbh it may be cheap but probs not worth
822,0,Never a bad investment
1294,0,You go to UChicago
3500,1,then work my way in
3199,1,My cock is aching though for it but I don't care..
3363,1,I don't care
2295,0,V is an energy drink...
2717,1,are you american? your photos have a 'murican theme
949,0,tequila is the second worst alcoholic beverage imo
668,0,Gotta do what you gotta do
3397,1,Can you orgasm from it?
3106,1,Cute.
2336,0,breaks down into its composite sugars
1393,0,it's like an oktoberfest costume
3537,1,Is that weird?
3304,1,You know what I want. Send it
310,0,Top 3 albums of all time?
784,0,All good haha I’ve just been working too so pretty routine
1208,0,What are your top three recipes? I have to diversify from only cooking spaghetti
1314,0,Same here
2999,1,I'd much rather spend my time working on a future with you.
195,1,Perfect if it means more Rose then I’m always down
3182,1,I'd like that ;)
794,0,Oh that’s so cool! Miss corona needs to leave smh
1423,0,which was funny for like a second...
3421,1,Size doesn't matter when you're horizontal anyway
1991,0,damn that's right 50% of the time
3162,1,"I'm afraid, not now. ;)"
3249,1,Know of any nursing jobs out there by any chance?
2846,1,😹
2551,1,haha it looks just like a rocking horse i talked my mom out of buying a while ago
2387,0,far too many people are curious about it
1834,0,and then i tell them
3420,1,baby just get here so i can fuck you how you like it
3353,1,Sooo like let's do that v soon please?
2136,0,"mine's pretty humble too, i only started collecting about a year ago"
2624,0,i'm just curious
760,1,Hey hey :) how are u
24,0,Hmm okay fair fair I was just a bit off. Alright my turn
558,0,It’s been 3 days and tbh I’m still tryna figure out the bio. What does it mean?
1657,0,i only do it sometimes 🐶
959,0,"I see, at least its transparent haha"
1547,0,how was your day?
1676,0,i wish my grandparents had cool records
482,0,Kill naisha
587,0,Alright which flavor tho
3386,1,Rub your clit soft and gently
1582,0,"i am better on a miniature guitar, also known as a ukulele"
660,1,Anushka you stole my heart can you give it back?
3247,1,I might be moving out there soon just gonna see if I can get a job first
2619,1,well those sly bastards
1414,0,"and tinder isn't for the last option, if anyone's that stupid."
3030,1,"Hello, sweetie… what’s up?"
598,0,"Mine are Blonde by Frank, Harry Styles by Harry Styles, and Ctrl by SZA"
2490,0,what kind of sound do you make?
1612,0,he had a nasal voice
811,1,Snap
2556,0,i think it was given to us by someone a really long time ago
1345,0,Also when they have extra food from events CIT 4th floor kitchen
3339,1,I miss your big dick in my tight wet pussy
3228,1,What’s going on gorgeous we’re headed to a lil get together
2209,1,nice dog
2266,0,well russia fucked them over pretty bad 🙀
3454,1,"I want to be thrown on my tummy with my hands behind my back, have you pull my hair while forcing me down, fucking me until I cum on your cock"
2273,0,isn't that a canadian thingv
1609,0,yes that makes sense now
248,0,Haha that’s my roommates favorite but I agree it’s kinda ass
1442,0,i like slothing around...once semester starts i won't have much time for that 😸
269,1,"😂 Most frats have like a sacred pong table, paddle, etc."
1838,0,i'd say hi
1411,1,😿
3011,1,"Suck my cock, please"
3092,1,OK I’m back (dropped the phone).
2422,0,first year biology?
2761,0,3rd this year
909,0,I really like Ciroc tho
3077,1,Licking every inch of your full left tit before taking that perky nipple into my mouth!.
3013,1,"please, I need your cum"
1439,0,oh god that's grisly
2460,0,i'm well aware
1009,0,"Yeah new york city is something you have to experience. There is really nowhere like it, at least in America. I would never want to live in there but it's fun for like two days hahaha"
2372,0,i'm not being annoying
1856,0,"yes it annoys me too, mine's cream so it used to happen all the time when she was a puppy"
3235,1,Got my*
2969,1," I wish I could read a book with you in the park, and steal a kiss every time we turn the page    "
1772,0,unless someone passes out on the pile of kindling
2129,0,liquid filled record...
2758,1,"i'm in science, we like to laugh at arts kids"
3252,1,We’ll u have fun watching the game. I’m meeting the girls for a gym session 🙂 let’s keep in touch though
243,1,😂 it be like dat
153,1,Let’s swap Spotify playlists and make assumptions about eachother
2076,0,it's getting kind of old
900,0,I’m good! I got off work and passed out lol
372,1,The tall shelves at Costco stand no chance
1127,0,Are you still playing violin/doing other music stuff?
1383,0,Third
2090,0,"nice, i'm still waiting on the sequel"
116,0,It’s more of a wish than a reality sadly :(
3229,1,Hi ms nurse
3070,1,"Mmmmm…. my pussy juice is sweet, baby, and there’s so much of it for you."
958,0,I've always wondered what its like to be a woman on tinder
120,1,"you me.
2 four lokos
chuck e cheese
skeeeeeeeee ball
uh oh a couple of 8 year olds are mouthing off
should we fight em?
YOU BETCHA
a couple of roundhouse kicks later
we got all their tickets
grand prize?
ab
so
lutley
THEN
picnic, on the train tracks
ON
THE TRAIN TRACKS
two more four lokos
thats 4 four lokos
thats loco
locomotive
HERE COMES THE TRAIN
doesnt matter were done eating
chase that s**t
for
mIILEEESSSSSS
traisn too fast
cant catch it
thats ok
well sit by the highway and throw marbles at passing cars
whadya think?"
1935,0,"um thanks, i think the word you're looking for is astute"
88,0,Haha hey Milena
2907,1, i cant resist your charm and wit its so endearing 
2507,0,thank you...?
2839,0,bloodbuzz ohio
1299,1,Can I see proof of your candy crush world ranking
80,0,"Noah sent you a special message.
Update the app to view the message."
1438,0,hahaha freaky shoes?
1930,0,what are you up to this hols?
2510,0,i'm at a friend's house watching jackass 3
3206,1,Then do it.. I want it inside..
1517,0,then i graduate and off i trot to postgrad
201,1,Your kids are gonna be cute one day
3126,1,"Take it, baby. That’s me. I’m in your ass and you feel perfect."
338,1,Hey you dropped this
595,0,UBC is kinda hype tho I’ve been around there a lil bit and it’s always great
3292,1,Really wow? I’m In a car right now with my girls lol
2448,0,i'm alright with memorising but i just like dissection honestly
1483,0,but how does the beer flow through?
939,0,When are you going to bed then? ☺️
2357,0,same i had to get up at 8 tonight
3224,1,done babe.. ;)
2945,1,I would love to read a book together with you and discuss it over a glass of wine.
3359,1,Please throw me up against anything and everything
223,0,A white claw mixed with a monster energy drink really
2504,0,british chick?
674,1,Thank u! U have a very nice smile
1992,0,i did intro micro in first year (big mistake) and nearly everyone in my tute was doing that
1205,0,I'm a professional
1736,0,i feel that moustaches have become overhyped in pop culture
2561,0,"path is just a major, i'm looking to go to med school afterwards. you can't qualify as a pathologist without a medical degree, but i think path leads you into research"
3201,1,I'm giving it everything I have on my tongue... I'm sucking your clit like crazy... Mhmm...
3329,1,Me: I may have to fuck you from behind for a while too
2688,1,it's great much better than drinking the stuff
229,0,He makes me uncomfortable on tik tok
690,0,Your beauty is what did it
2116,1,"um the national, jack white, charli xcx (don't laugh), karen o, jake bugg and all that jazz"
930,0,That's really cool and interesting!
256,0,This ranking is ass
3214,1,Fuck mee sooo hard that I won't be able to walk for dayssss...
2620,1,there's always the ikea cookbook if all else fails
576,0,Hey wassup
1169,1,I keep matching with Sophias. Why do you guys like me so much?
1897,0,cates and doges
2493,0,"punk is good, but it's kind of massively broad. are you any good?"
3507,1,and rub up and down
3383,1,Where it's nice and wet waiting for you
551,0,Kim K and Kylie Jenner status instantly
1742,0,labelling is how we understand the world.
511,0,No no no
3261,1,What you getting belligerent at xs? Lol wish I’d been there to take advantage of you! :p
731,0,🥺👉👈 Simpin is the best way to my heart
3081,1,"Gliding my tongue, flicking your slit."
3509,1,over and over
1914,0,dude you clearly don't know what singularity is...
2110,1,sweet wallpaper
2899,1,Why didn't you watch the game with me last night
1769,0,which is always great fun
2488,0,but those are for cars
2297,0,you're trolling me
3452,1,I want to make your pussy raw and cum in your face. You're such a dirty bitch and you're all mine
3072,1,"If I was, I’d be kissing on your neck."
2951,1,"I would love to spend a day at the beach with you, soaking up the sun and playing in the waves."
3475,1,Could you do one really important thing for me though love?
3049,1,And then pinch my nipples as hard as I can.
320,0,Aw that’s a good one
1394,0,hahaha
3149,1,Sounds nice;)
371,1,Or you can just ride on my shoulders if you prefer
144,1,"Covid has bad eyesight, so as long as you kiss at night you’re safe"
2809,0,is it? i was lobbying for biscuit but i lost
1332,0,Also keep sauce and spaghetti in different pockets
458,0,Many
3021,1,ohhh fuck!
3157,1,So what you doing to yourself? Hard as fuck ;)
1088,0,Natasha hows ur life going -10 to 10 hit me w it
1233,0,Yikes 10 PM you hate to see it
3380,1,I will
1828,0,"i mean, vocab is kind of important."
967,1,"Hey Alexandra, I appreciate the super like :)"
2278,0,haha i'm just weird and i thought i'd point it out
138,0,"I did it before with grape and fruit punch, fruit punch was not the move"
2676,1,http://australianmuseum.net.au/Drop-Bear hey if you're a tourist i suggest you avoid dropbears
2506,0,that's kind of a personal question
2154,0,"laneways have food, duh"
2270,1,"lol a pounder, i've seen someone eat that"
2716,1,"poor thing, it's probably the acid rain"
927,0,Ofc ofc gotta put all the time I waste on tik tok to good use
191,0,Math ehhh any English or papers tho I’m about it
470,0,Wbu
3522,1,Punk
664,1,The biggest shame. I could only imagine what kind of trouble we would get into
1966,0,weimaraner?
3442,1,I just want it to feel good
2055,0,recovering from persa last night
3508,1,"up past it, down over it, then stop right before i pull out"
1333,0,"Socks are safer, but access time is greater. For me, the tradeoff isnt worth it."
2279,0,omg luna park i haven't been in so long
40,1,That’s too nice I could say the same for u 👀
2617,1,well how else do they get them all the way from sweden?
2680,0,"melbourne, science kid"
1316,1,I may be a pussy but it's not going to stop me from messaging you
3038,1,"Thong, baby. Black lace. Sheer and snug."
1735,0,okay
3244,1,Me: Yeah my place is on eastern and flamingo
835,0,It’s my second day here ion know either
284,0,What flavors do u suggest
736,0,I’ll get the lokos you get the skee ball
83,1,Lmaoooo hi Hailey
1786,0,i didn't know people liked getting smashed on wednesdays
500,1,Just a good feeling 😏
1091,1,Damn girl I wish I was your student
3277,1,Me: I’m going to tear you up (lol. Sexual aggressiveness is a HUGE turn on for girls.)
2908,1, your heart is as beautiful as your looks 
2000,0,"well that's not going to end terribly well for you then, is it?"
2874,0,in the interests of full disclosure i cannot catch a frisbee
1182,0,I apologize that my ancestors are not of your preferred nationality
2994,1,I could use a little stress relief from a stunning person like you.
2792,0,kind of but it goes by a different name
3462,1,Who needs sleep when there are so many other fun things to do?
2921,1,your selfassurance is admirable its so sexy 
904,0,I’ve gotten so used to claws from my roommates but Highkey I had a truly that tasted just like a Capri sun
3369,1,sides and fuck me hard and fast
2013,1,including the guy who is into bdsm
3401,1,It really depends on recent masturbation tendencies but idk 5-10 min probably?
2981,1,I'd love to curl up with you and get lost in a good story.
2923,1,your consideration and kindness are a rare find its so attractive 
2364,0,not norwegia
3408,1,Between my legs.
2675,0,"i didn't know melbourne had anything horribly exciting for research, unless it's coffee"
2582,1,*serving suggestion*
366,0,LMAO this is mine don’t make fun of the photo 😂
342,0,What’s your favorite thing about SF?
1092,0,What are you teaching?
2243,0,yeah and the angel hologram
2414,1,🐦🐴
2859,0,did you know there's goat porn on the internet?
315,0,Okay I see you we matched on one!
1358,0,And that fizzled out pretty quick
484,0,Big fax
3519,1,I want you to fill my pussy with your thick cock so bad love. And I'd love to do this all with my pretty purple princess plug in.
2097,0,i've been watching blacklist
2193,0,those sherlock hats look ridiculous
187,0,Hey if u don’t have underlying heavy anxiety are you really living?
3443,1,I'm just gonna lightly wrap my hand around your hair to keep it out of your face and keep a little control over that pretty little mouth
441,0,It’s all good all the aunties love me
3083,1,It’s heaven.
3004,1,I'd love to explore new horizons with you and banish boredom forever.
2424,0,i did first year biol that's it
1472,0,cool
1324,0,Same here. Do you have any idea what your going to do afterwards? Boxes arent free these days
3255,1,"Santa Paula, close to L.A"
1596,0,"i'm doing a pathology major, which is less interesting than it sounds"
150,1,There’s no other eay
65,1,U tryna meet tho? I’m down
2798,1,YES
3376,1,I'm stroking my hard cock thinking about you
577,1,Fwb
1600,0,"psych is the best, i wish i hadn't forgotten quite so much from year 12 tho"
2443,0,we don't have that as a major
2486,0,what are you doing with all that furniture then?
1597,0,"nah, it's mostly theory"
1119,1,"Are you from Iraq, cause I want to see you Baghdad ass up"
1335,0,I would keep your spaghetti safe Oliveia
1146,1,In fact I have never done as much as hug a girl
1941,0,i don't comprehend
3501,1,My back is arched just thinking about that
442,0,Definitely a chatmer
2127,0,have you heard of his liquid record?
3439,1,Oh baby
2623,1,lol so your name sake is a plant?
